,Park ,Longitude,Latitude,Murder ,Rape,Robbery,Kidnapping,Harassment,Total Crime,Area,Size(Acres),safe_path
0,PELHAM BAY PARK,-73.82215392,40.85413105,0,0,2,3,0,5,BRONX        ,2771.747,
1,VAN CORTLANDT PARK,-73.88657971,40.8970755,0,0,0,0,0,0,BRONX        ,1146.43,
3,FRESHKILLS PARK,-74.17996751,40.5791894,5,0,0,0,0,5,STATEN ISLAND,913.32,
4,FLUSHING MEADOWS CORONA PARK,-73.84275442,40.74042105,0,0,0,0,3,3,QUEENS       ,897.69,
5,MARINE PARK,-73.93419725,40.60557925,0,0,0,0,0,0,BROOKLYN     ,798,
6,BELT PARKWAY/SHORE PARKWAY,-73.90743922,40.59496905,0,0,0,0,0,0,BROOKLYN/QUEENS,760.43,
7,BRONX PARK,-73.87590377,40.8588468,15,0,0,0,4,19,BRONX        ,718.373,
8,ALLEY POND PARK,-73.74211785,40.7503214,0,0,8,0,0,8,QUEENS       ,635.514,
9,PROSPECT PARK,-73.97108903,40.6617743,0,12,0,0,0,12,BROOKLYN     ,526.25,
10,FOREST PARK,-87.8136997,41.8794989,0,0,0,0,0,0,QUEENS       ,506.86,
11,GRAND CENTRAL PARKWAY,-73.9205493,40.7727092,0,0,0,0,0,0,QUEENS       ,460.16,
12,FERRY POINT PARK,-76.18247918,36.824075,0,0,0,0,12,12,BRONX        ,413.8,
13,CONEY ISLAND BEACH & BOARDWALK,-73.9837127,40.5727206,0,0,0,0,0,0,BROOKLYN     ,399.203,
14,CUNNINGHAM PARK,-73.76793623,40.7351973,0,0,0,0,0,0,QUEENS       ,358,
15,RICHMOND PARKWAY,-74.1742096,40.5578726,0,0,0,6,0,6,STATEN ISLAND,350.983,
16,CROSS ISLAND PARKWAY,-73.7282058,40.7112914,0,0,0,0,0,0,QUEENS       ,326.895,
17,GREAT KILLS PARK,-74.12614691,40.5436508,5,0,0,0,0,5,STATEN ISLAND,315.094,
18,WOLFE'S POND PARK,-74.19461669,40.52475045,0,0,0,0,0,0,STATEN ISLAND,302.693,
19,CONFERENCE HOUSE PARK,-74.25182497,40.5015228,0,0,0,0,0,0,STATEN ISLAND,286.382,
20,RANDALL'S ISLAND PARK,-2.6136326,51.4510814,0,0,0,0,0,0,MANHATTAN    ,256.111,
21,ROCKAWAY COMMUNITY PARK,-73.78045005,40.6019892,0,0,0,12,0,12,QUEENS       ,255.4,
22,KISSENA PARK,-73.80875626,40.7459172,0,0,0,0,0,0,QUEENS       ,237.147,
23,RIVERSIDE PARK,-76.60791705,39.2703627,0,0,0,0,0,0,MANHATTAN    ,235.765,
24,HUTCHINSON RIVER PARKWAY,-73.83640394,40.84964235,0,0,0,9,0,9,BRONX        ,229.14,
25,BLUE HERON PARK,-74.18079166,40.53192865,0,0,0,0,0,0,STATEN ISLAND,217.45,
26,DYKER BEACH PARK,-74.01854323,40.6114853,0,0,0,0,0,0,BROOKLYN     ,216.655,
27,WILLOWBROOK PARK,-122.6703996,49.11466635,0,0,0,0,0,0,STATEN ISLAND,214.947,
28,SILVER LAKE PARK,-75.52036148,39.1658719,0,8,0,0,0,8,STATEN ISLAND,205.977,
29,BRONX RIVER PARKWAY,-73.8666231,40.886288,0,0,0,0,0,0,BRONX        ,205.647,
30,SOUNDVIEW PARK,-73.87110609,40.8153759,0,0,0,0,0,0,BRONX        ,205.31,
31,BELT PARKWAY,-73.965808,40.584109,0,0,0,0,0,0,QUEENS       ,202.647,
32,WILLOWBROOK PARKWAY,-74.13031155,40.57471495,0,0,0,0,0,0,STATEN ISLAND,198.481,
33,INWOOD HILL PARK,-73.92542709,40.87227365,0,0,0,0,0,0,MANHATTAN    ,196.398,
34,CLOVE LAKES PARK,-74.1128079,40.61873065,0,0,0,0,0,0,STATEN ISLAND,193.423,
35,FORT WASHINGTON PARK,-77.03027747,38.71206835,0,0,0,0,9,9,MANHATTAN    ,184.143,
36,IDLEWILD PARK,-79.27864548,40.26014165,0,0,0,0,0,0,QUEENS       ,180.85,
37,WARDS ISLAND PARK,-73.93481007,40.78630295,15,0,0,0,0,15,MANHATTAN    ,176.581,
38,SOUTH SHORE COUNTRY CLUB,-70.90034089,42.23135265,0,0,0,0,0,0,STATEN ISLAND,173.994,
39,BLOOD ROOT VALLEY,-74.14115863,40.59133405,0,0,0,0,0,0,STATEN ISLAND,161.242,
40,JAMAICA BAY PARK,-73.76828169,40.61826885,0,0,0,0,0,0,QUEENS       ,149.54,
41,KISSENA CORRIDOR PARK,-73.820693,40.7474306,0,0,0,0,0,0,QUEENS       ,146.81,
42,HIGHLAND PARK,-96.8007733,32.831563,0,0,0,0,0,0,BROOKLYN/QUEENS,146.339,
43,ARDEN WOODS,-95.50345918,30.1222312,0,0,0,0,0,0,STATEN ISLAND,145.864,
44,RIVERDALE PARK,-76.9296515,38.9615103,5,0,0,0,0,5,BRONX        ,144.29,
45,BLOOMINGDALE PARK,-74.21473042,40.53299355,0,0,0,0,0,0,STATEN ISLAND,138.1,
46,OCEAN BREEZE PARK,-74.07788922,40.58633085,0,0,0,0,0,0,STATEN ISLAND,136.568,
47,CANARSIE PARK,-73.89528207,40.62733225,10,0,0,0,0,10,BROOKLYN     ,132.2,
48,CROTONA PARK,-73.89239848,40.83881315,0,0,0,0,0,0,BRONX        ,127.5,
49,PAERDEGAT BASIN PARK,-73.90542397,40.6246971,0,0,4,0,0,4,BROOKLYN     ,118.795,
50,HOOK CREEK PARK,-73.7418413,40.6362636,0,0,0,0,0,0,QUEENS       ,111.163,
51,CRESCENT BEACH PARK,-74.15458155,40.5317869,0,0,0,0,0,0,STATEN ISLAND,110.96,
52,CLEARVIEW PARK GOLF COURSE,-73.78849072,40.78228,0,0,0,0,0,0,QUEENS       ,110.93,
53,BAISLEY POND PARK,-73.78496488,40.67592055,20,0,0,0,0,20,QUEENS       ,109.609,
54,PELHAM PARKWAY,-73.8676281,40.857229,0,0,0,0,0,0,BRONX        ,108.91,
55,PRALLS ISLAND,-74.2016817,40.60783895,0,0,0,0,0,0,STATEN ISLAND,107.514,
56,MARINERS MARSH PARK,-74.17490191,40.6384382,0,0,0,0,0,0,STATEN ISLAND,107.2,
57,LEMON CREEK PARK,-74.19862994,40.5140341,0,0,0,0,0,0,STATEN ISLAND,104.545,
58,SPRING CREEK PARK,-73.86028819,40.6591459,0,0,0,0,0,0,BROOKLYN/QUEENS,99.566,
59,HIGH ROCK PARK,-74.12312452,40.5833286,0,0,0,0,0,0,STATEN ISLAND,94.1,
60,LONG POND PARK,-71.3633961,42.6959234,0,0,0,0,0,0,STATEN ISLAND,91.948,
61,BROOKVILLE PARK,-6.169334637,53.2865451,0,0,0,0,0,0,QUEENS       ,89.946,
62,ISLE OF MEADOWS,-1.187499302,50.6259877,0,0,0,0,0,0,STATEN ISLAND,87.516,
63,CALVERT VAUX PARK,-73.99439685,40.58504175,0,0,0,0,0,0,BROOKLYN     ,85.527,
64,PUGSLEY CREEK PARK,-73.85209073,40.8135189,0,0,0,0,0,0,BRONX        ,83.615,
65,SNUG HARBOR CULTURAL CENTER,-74.10312359,40.6421044,0,0,0,0,0,0,STATEN ISLAND,83.3,
66,MOSHOLU PARKWAY,-73.8846699,40.8797323,5,0,0,0,0,5,BRONX        ,80.936,
67,MCGUIRE FIELDS,-73.89931254,40.61351615,0,0,0,0,0,0,BROOKLYN     ,77.181,
68,FRESH CREEK NATURE PRESERVE,-73.88438128,40.64455355,0,0,0,0,0,0,BROOKLYN     ,77.044,
69,JACKIE ROBINSON PARKWAY,-73.8686296,40.6999827,0,0,0,0,0,0,BROOKLYN/QUEENS,72.75,
70,FORT TRYON PARK,-73.9323872,40.86181025,0,0,0,0,0,0,MANHATTAN    ,67.213,
71,RIVERSIDE PARK SOUTH,-75.6760549,45.3627727,0,0,0,0,0,0,MANHATTAN    ,66.693,
72,EASTERN PARKWAY,-73.942192,40.6694161,0,0,4,0,0,4,BROOKLYN     ,65.7,
73,FOUR SPARROW MARSH,-73.90533515,40.6011355,0,0,0,0,0,0,BROOKLYN     ,64.665,
74,FORT TOTTEN PARK,-73.778797,40.7934184,0,0,0,0,0,0,QUEENS       ,60.394,
75,ASTORIA PARK,-78.8918751,33.8241622,0,0,0,0,0,0,QUEENS       ,59.956,
76,LAURELTON PARKWAY,-73.7424189,40.6654586,0,12,0,0,0,12,QUEENS       ,59.612,
77,RED HOOK RECREATION AREA,-74.00606189,40.67139535,0,0,0,0,0,0,BROOKLYN     ,58.503,
78,JUNIPER VALLEY PARK,-73.88156984,40.7197275,0,0,0,0,0,0,QUEENS       ,55.639,
79,LITTLE BAY PARK,-73.79067302,40.78916395,0,0,0,0,0,0,QUEENS       ,55.22,
80,POWELL'S COVE PARK,-73.8318136,40.79014245,0,0,0,0,0,0,QUEENS       ,55.023,
81,HENRY HUDSON PARKWAY,-73.9205639,40.8788411,0,0,0,0,0,0,BRONX        ,54.1,
82,HARLEM RIVER PARK,-73.93410344,40.8147593,0,0,0,0,0,0,MANHATTAN    ,53.967,
83,DUBOS POINT WILDLIFE SANCTUARY,-73.7905224,40.6003736,0,0,0,0,0,0,QUEENS       ,53.298,
84,ROY WILKINS RECREATION CENTER,-73.76944757,40.6870325,0,0,0,0,0,0,QUEENS       ,53.238,
85,REED'S BASKET WILLOW SWAMP PARK,-74.10364118,40.60037725,0,0,0,0,0,0,STATEN ISLAND,52.375,
86,BROOKLYN BOTANIC GARDEN,-73.96362613,40.6676619,0,0,0,0,0,0,BROOKLYN     ,47.57,
87,MEREDITH WOODS,-78.69677465,35.8108269,0,0,0,0,0,0,STATEN ISLAND,47.521,
88,QUEENS FARM PARK,-73.72224863,40.7477484,0,0,0,0,0,0,QUEENS       ,47.08,
89,EAST RIVER PARK,-73.97413794,40.718547,0,0,0,0,0,0,MANHATTAN    ,45.88,
90,CROCHERON PARK,-73.76686451,40.7718748,0,0,0,0,0,0,QUEENS       ,45.79,
91,MACOMBS DAM PARK,-73.92853367,40.82732775,0,0,0,0,0,0,BRONX        ,44.174,
92,MANHATTAN BEACH PARK,-73.94097985,40.5766309,0,0,0,0,0,0,BROOKLYN     ,42.941,
93,FAIRVIEW PARK,-81.8526519,41.4461727,0,0,0,0,0,0,STATEN ISLAND,42.6,
94,BAYSWATER PARK,145.2700949,-37.8396005,5,0,0,0,15,20,QUEENS       ,40.07,
95,DEERE PARK,-74.11158431,40.605293,0,0,0,0,0,0,STATEN ISLAND,39.779,
96,PARADE GROUND,153.0177778,-29.6483333,0,0,0,0,0,0,BROOKLYN     ,39.5,
97,CLAREMONT PARK,-0.367328,51.3597098,0,0,0,0,0,0,BRONX        ,38.536,
98,BROAD CHANNEL WETLANDS,-73.82252843,40.61237355,0,0,0,0,0,0,QUEENS       ,37.95,
99,CONEY ISLAND BOAT BASIN,-73.99005571,40.58281745,0,0,0,0,0,0,BROOKLYN     ,36.81,
100,BUNKER PONDS PARK,-74.17888646,40.5203924,0,0,0,0,0,0,STATEN ISLAND,36.691,
101,SETON FALLS PARK,-73.83772412,40.8868779,0,0,0,0,0,0,BRONX        ,35.771,
102,MCCARREN PARK,-73.95291873,40.7211342,0,0,0,0,0,0,BROOKLYN     ,35.713,
103,ST. MARY'S PARK BRONX,-73.91240518,40.81157845,10,0,0,0,0,10,BRONX        ,35.311,
104,SHOOTERS ISLAND,-74.15968356,40.64340755,0,0,0,0,0,0,STATEN ISLAND,34.689,
105,NORTH BROTHER ISLAND,-73.89845636,40.80066265,5,0,0,0,0,5,BRONX        ,30.395,
106,FORT GREENE PARK,-73.97562243,40.6914756,0,0,0,0,0,0,BROOKLYN     ,30.168,
107,BATTERY PARK CITY,-74.0169369,40.7110166,0,0,0,0,0,0,MANHATTAN    ,29.99,
108,MORNINGSIDE PARK,-73.95870305,40.80602085,0,0,0,0,0,0,MANHATTAN    ,29.888,
109,MACNEIL PARK,-73.85138731,40.79272405,0,0,0,0,0,0,QUEENS       ,28.87,
110,VERNAM BARBADOES PENINSULA,-73.80600396,40.593663,0,0,0,0,0,0,QUEENS       ,27.484,
111,COLLEGE POINT FIELDS,-73.837922,40.7764816,0,0,0,0,0,0,QUEENS       ,26.83,
112,KAISER PARK,-73.99611431,40.5797371,0,0,0,0,0,0,BROOKLYN     ,26.257,
113,SUNSET PARK,-74.007532,40.644337,0,8,0,0,0,8,BROOKLYN     ,24.498,
114,OWL'S HEAD PARK,-74.0328434,40.6398992,0,0,0,0,0,0,BROOKLYN     ,24.218,
115,SPRINGFIELD PARK,-0.05934099,51.57072915,0,0,0,0,0,0,QUEENS       ,23.543,
116,RECREATIONAL AREA,-43.97140383,-19.8703882,0,0,0,0,0,0,MANHATTAN    ,23.093,
117,KING FISHER PARK,28.30814516,-25.7026072,0,0,0,0,0,0,STATEN ISLAND,23.01,
118,ST. NICHOLAS PARK,-73.94903635,40.8172902,0,0,0,0,0,0,MANHATTAN    ,22.74,
119,SOUTH BROTHER ISLAND,-73.89799798,40.79634145,0,0,0,0,0,0,BRONX        ,22.16,
120,LOCUST POINT MARINA,-73.80504073,40.8156899,0,0,2,0,0,2,BRONX        ,22.07,
121,BATTERY PARK,-74.01578792,40.70303075,0,0,0,0,0,0,MANHATTAN    ,21.88,
122,BROOKLYN BRIDGE PARK,-73.99921576,40.6979098,0,0,0,0,0,0,BROOKLYN     ,21.185,
123,ASSER LEVY PARK,-73.97134185,40.5753623,0,0,0,0,0,0,BROOKLYN     ,21.039,
124,SEASIDE WILDLIFE NATURE PARK,-74.14269932,40.54064935,0,0,0,0,0,0,STATEN ISLAND,20.907,
125,WAVE HILL,-73.91225837,40.89865355,0,0,0,0,0,0,BRONX        ,20.867,
126,QUEENSBRIDGE PARK,-73.94854808,40.75653735,0,0,0,0,0,0,QUEENS       ,20.34,
127,MARCUS GARVEY PARK,-73.94366898,40.8044856,0,0,0,0,0,0,MANHATTAN    ,20.165,
128,ISHAM PARK,-73.91927065,40.8696247,10,0,0,0,0,10,MANHATTAN    ,20.132,
129,WILLIAMSBRIDGE OVAL,-73.87752006,40.87762425,5,0,0,0,9,14,BRONX        ,19.749,
130,BRANT POINT WILDLIFE SANCTUARY,-73.80314594,40.598387,0,0,0,0,0,0,QUEENS       ,19.556,
131,BROAD CHANNEL AMERICAN PARK,-73.82250075,40.59764345,0,0,0,0,0,0,QUEENS       ,18.768,
132,THEODORE ROOSEVELT PARK,-73.97558389,40.7813587,0,0,0,0,0,0,MANHATTAN    ,17.574,
133,BENSONHURST PARK,-74.00169021,40.5963063,0,0,0,0,0,0,BROOKLYN     ,17.5,
134,LINCOLN TERRACE / ARTHUR S. SOMERS PARK,-73.9265052,40.6670592,0,0,0,0,0,0,BROOKLYN     ,17.14,
135,JOHN GOLDEN PARK,-73.76822495,40.77420815,0,0,0,0,0,0,QUEENS       ,17,
136,BAYVIEW TERRACE PARK,-74.16293982,40.5272567,0,0,0,0,0,0,STATEN ISLAND,16.944,
137,JONES WOODS PARK,-74.09079394,40.6373783,0,0,0,0,0,0,STATEN ISLAND,16.93,
138,FRANCIS LEWIS PARK,-73.82469781,40.79673085,0,0,0,0,0,0,QUEENS       ,16.831,
139,LEIF ERICSON PARK,-74.02351205,40.63765035,0,0,0,0,0,0,BROOKLYN     ,16.8,
140,EIBS POND PARK,-74.08164727,40.61102525,0,0,0,0,0,0,STATEN ISLAND,16.505,
141,BREUKELEN BALLFIELDS,-73.89136501,40.65124115,0,0,0,0,0,0,BROOKLYN     ,16.16,
142,FRANZ SIGEL PARK,-73.92564048,40.8230809,10,0,0,0,0,10,BRONX        ,15.99,
143,THOMAS JEFFERSON PARK,-73.93546007,40.7931557,0,0,0,0,0,0,MANHATTAN    ,15.524,
144,ALICE AUSTEN PARK,-74.06298914,40.61537275,0,0,0,0,0,0,STATEN ISLAND,15.524,
145,MILL POND PARK,-73.93175936,40.82268615,0,0,0,0,0,0,BRONX        ,15.496,
146,SHERMAN CREEK,-81.4226873,30.3647379,5,0,0,0,0,5,MANHATTAN    ,15.383,
147,HARRIS PARK,151.0076541,-33.8233375,5,0,0,0,0,5,BRONX        ,15.32,
148,GOODHUE,-92.7175627,44.396973,0,0,0,0,0,0,STATEN ISLAND,15.064,
149,MULLALY PARK,-73.92372272,40.83352305,20,0,0,0,0,20,BRONX        ,15.049,
150,TREMONT PARK,-81.5042614,35.916242,0,0,0,0,0,0,BRONX        ,15,
151,CARL SCHURZ PARK,-73.94352945,40.7751654,0,0,0,0,0,0,MANHATTAN    ,14.938,
152,GRAND ARMY PLAZA BROOKLYN,-73.9708155,40.6749223,0,0,0,0,0,0,BROOKLYN     ,14.257,
153,VON BRIESEN PARK,-74.05912809,40.60753125,0,0,0,0,0,0,STATEN ISLAND,13.938,
154,MOTOR PARKWAY,-73.1525204,40.8174233,0,0,0,0,0,0,QUEENS       ,13.894,
155,BEACH 17 PLAYGROUND,-75.9992552,36.8022051,0,0,0,0,0,0,QUEENS       ,13.75,
156,TUDOR PARK,0.143716509,51.8182677,0,0,0,0,0,0,QUEENS       ,13.543,
157,AQUEDUCT WALK,-73.91209935,40.8528324,0,0,0,0,0,0,BRONX        ,13.533,
158,FATHER MACRIS PARK,-74.16177324,40.61680265,0,0,0,0,0,0,STATEN ISLAND,13.469,
159,STARLIGHT PARK,-73.88215957,40.8339489,0,0,2,0,0,2,BRONX        ,12.93,
160,JACKIE ROBINSON PARK MANHATTAN,-73.94120904,40.82643945,0,0,0,0,0,0,MANHATTAN    ,12.772,
161,BROOKLYN MUSEUM,-73.96331573,40.6709108,0,0,0,0,0,0,BROOKLYN     ,12.66,
162,BEACH CHANNEL PARK,-73.84255988,40.5816896,0,0,0,0,0,0,QUEENS       ,12.624,
163,GREENBELT NATIVE PLANT CENTER,-74.18139695,40.59646865,0,0,0,0,0,0,STATEN ISLAND,12.247,
164,BOWNE PARK,-73.80733141,40.7704774,5,0,0,0,0,5,QUEENS       ,11.788,
165,SETON PARK,-3.457714558,55.9625594,0,0,0,0,0,0,BRONX        ,11.689,
166,RUFUS KING PARK,-73.80378473,40.7033123,0,0,0,0,0,0,QUEENS       ,11.5,
167,FRANK GOLDEN PARK,-73.83447146,40.78493505,0,0,0,0,0,0,QUEENS       ,11.422,
168,ST. JAMES PARK,-1.621873666,54.9754693,0,0,0,0,0,0,BRONX        ,11.39,
169,BARRETTO POINT PARK,-73.88814404,40.8055792,0,0,0,0,0,0,BRONX        ,11.161,
170,ST. ALBANS PARK,144.3907557,-38.1939926,0,0,0,0,0,0,QUEENS       ,10.79,
171,GEMINI FIELDS,-73.85217078,40.6703342,0,0,0,0,0,0,QUEENS       ,10.761,
172,GIVANS CREEK WOODS,-73.83045609,40.8798974,0,0,0,0,3,3,BRONX        ,10.735,
173,BETSY HEAD PARK,-73.91336984,40.6627297,0,0,0,0,0,0,BROOKLYN     ,10.555,
174,TOMPKINS SQUARE PARK,-73.98168426,40.72648575,0,0,0,0,0,0,MANHATTAN    ,10.502,
175,COMMODORE BARRY PARK,-73.97892735,40.69702125,0,0,0,0,0,0,BROOKLYN     ,10.391,
176,CADMAN PLAZA PARK,-73.9906417,40.6977065,0,0,0,0,0,0,BROOKLYN     ,10.384,
177,BROADWAY MALLS,-73.98210946,40.769331,0,0,0,0,0,0,MANHATTAN    ,10.242,
178,STEEPLECHASE PARK,-73.9837688,40.57312285,0,0,0,0,0,0,BROOKLYN     ,10.01,
179,HYBRID OAK WOODS PARK,-74.23319646,40.50428825,0,0,0,0,0,0,STATEN ISLAND,9.763,
180,WASHINGTON SQUARE PARK,-73.99758504,40.73089125,0,0,0,0,0,0,MANHATTAN    ,9.749,
181,BRYANT PARK,-73.98354279,40.75375085,0,0,0,0,0,0,MANHATTAN    ,9.603,
182,ROCKAWAY FREEWAY,-73.8053488,40.5904813,0,0,0,0,0,0,QUEENS       ,9.404,
183,BICENTENNIAL VETERANS MEMORIAL PARK,-73.81376182,40.82362905,0,0,0,0,0,0,BRONX        ,9.395,
184,SUNSET COVE PARK,-112.0076517,40.60116975,0,0,0,0,3,3,QUEENS       ,9.375,
185,ST. JOHN'S RECREATION CENTER,-73.93489889,40.6738837,0,0,0,0,0,0,BROOKLYN     ,9.339,
186,LINDEN PARK,138.6472732,-34.9435932,0,0,0,0,0,0,BROOKLYN     ,9.322,
187,HAFFEN PARK,-73.8395788,40.8734332,0,0,0,0,0,0,BRONX        ,9.238,
188,GRANITEVILLE SWAMP PARK,-74.16928886,40.6236687,0,0,0,0,0,0,STATEN ISLAND,9.187,
189,TOTTENVILLE SHORE PARK,-74.25264333,40.5102277,0,0,0,0,0,0,STATEN ISLAND,9.181,
190,CAPTAIN TILLY PARK,-73.79866941,40.7118537,0,0,0,0,0,0,QUEENS       ,9.16,
191,HARVEY PARK,-105.0391672,39.67466375,0,0,0,0,0,0,QUEENS       ,9.154,
192,BUSHWICK INLET PARK,-73.96138227,40.72234945,0,0,0,0,0,0,BROOKLYN     ,9.01,
193,HENRY HUDSON PARK,-73.92093272,40.88098475,0,0,0,0,0,0,BRONX        ,8.972,
194,FRANK PRINCIPE PARK,-73.90491369,40.72755285,0,8,0,0,0,8,QUEENS       ,8.899,
195,CASTLE HILL PARK,-135.3376977,57.048613,0,0,0,0,0,0,BRONX        ,8.834,
196,ROCHDALE PARK,-104.6836682,50.4967478,0,0,0,0,0,0,QUEENS       ,8.833,
197,CITY HALL PARK,-74.00586978,40.71286785,0,0,0,0,0,0,MANHATTAN    ,8.8,
198,CROTONA PARKWAY MALLS,-73.88285213,40.8483714,0,0,0,0,0,0,BRONX        ,8.75,
199,CONEY ISLAND CREEK PARK,-74.00335585,40.5812487,0,0,0,0,0,0,BROOKLYN     ,8.663,
200,MILL ROCK PARK,-73.93821591,40.7804761,0,0,0,0,0,0,MANHATTAN    ,8.639,
201,JOHN J CARTY PARK,-74.03059665,40.61270745,0,0,0,0,0,0,BROOKLYN     ,8.565,
202,COFFEY PARK,-122.7489621,38.4794661,0,0,0,0,0,0,BROOKLYN     ,8.271,
203,BARRETT PARK,-78.88563995,42.95096735,0,0,0,0,0,0,STATEN ISLAND,8.108,
204,RAINEY PARK QUEENS,-73.94104512,40.7660541,0,0,0,0,0,0,QUEENS       ,8.09,
205,LAGUARDIA LANDING LIGHTS,-73.88682031,40.7659503,0,0,0,0,0,0,QUEENS       ,8.03,
206,CITY ISLAND WETLANDS,-74.18023508,40.6219548,0,0,0,0,0,0,BRONX        ,8.005,
207,SARA D. ROOSEVELT PARK,-73.99299674,40.71890005,0,0,0,0,0,0,MANHATTAN    ,7.85,
208,EWEN PARK,-73.90992951,40.88216915,0,0,0,0,0,0,BRONX        ,7.84,
209,HERBERT VON KING PARK,-73.94664216,40.6897815,0,0,0,0,0,0,BROOKLYN     ,7.819,
210,MOUNT PROSPECT PARK,-73.96667637,40.6717255,0,0,0,0,0,0,BROOKLYN     ,7.79,
211,RAINEY PARK BRONX,-73.89720425,40.8192267,0,0,0,0,0,0,BRONX        ,7.738,
212,DETECTIVE KEITH L WILLIAMS PARK,-73.78425152,40.7026659,0,0,0,0,6,6,QUEENS       ,7.683,
213,PALMER INLET,-73.8158333,40.8433333,0,0,0,0,0,0,BRONX        ,7.49,
214,MIDLAND FIELD,-74.09863804,40.5765576,0,0,0,0,0,0,STATEN ISLAND,7.463,
215,SCHMUL PARK,-74.18677158,40.58940165,0,0,0,0,0,0,STATEN ISLAND,7.395,
216,BRIDGE PARK BRONX,-73.92633428,40.8475739,0,0,0,0,0,0,BRONX        ,7.156,
217,BROWER PARK,-73.94370739,40.6739108,0,0,0,0,0,0,BROOKLYN     ,7.047,
218,JOYCE KILMER PARK,-73.92270881,40.8284672,0,0,0,0,0,0,BRONX        ,6.882,
219,MARIA HERNANDEZ PARK,-73.92386696,40.70316555,0,0,0,0,0,0,BROOKLYN     ,6.873,
220,THE HIGH LINE,-74.00489117,40.74770385,0,0,0,0,0,0,MANHATTAN    ,6.73,
221,LINDOWER PARK,-73.91161994,40.6123815,0,0,0,0,0,0,BROOKLYN     ,6.7,
222,FRIENDS FIELD,-73.97327938,40.61869665,0,0,0,0,0,0,BROOKLYN     ,6.7,
223,J. HOOD WRIGHT PARK,-73.94134951,40.84648445,0,0,0,0,0,0,MANHATTAN    ,6.699,
224,WNYC TRANSMITTER PARK,-73.9607289,40.7298554,0,0,0,0,0,0,BROOKLYN     ,6.611,
225,SPUYTEN DUYVIL SHOREFRONT PARK,-73.92092327,40.8789312,0,0,0,0,0,0,BRONX        ,6.6,
226,PARK AVENUE MALLS,-73.95233562,40.78685295,0,0,0,0,0,0,MANHATTAN    ,6.593,
227,WESTWOOD PARK,-2.9302185,53.2582734,0,0,0,0,0,0,STATEN ISLAND,6.563,
228,UNION SQUARE PARK,-73.99032157,40.73603665,0,0,0,0,0,0,MANHATTAN    ,6.51,
229,CONCRETE PLANT PARK,-73.88518958,40.82540365,0,0,0,0,0,0,BRONX        ,6.438,
230,COOPER PARK,-88.0152619,43.0718269,0,0,0,0,0,0,BROOKLYN     ,6.401,
231,GRAVESEND PARK,-73.98431275,40.62359985,0,0,0,0,0,0,BROOKLYN     ,6.379,
232,TRINITY PARK,145.7029542,-16.8071795,0,0,0,0,0,0,BROOKLYN     ,6.3,
233,MADISON SQUARE PARK,-73.98796547,40.742203,0,0,0,0,0,0,MANHATTAN    ,6.234,
234,ELMHURST PARK,-73.8851557,40.72979605,0,16,0,0,0,16,QUEENS       ,6.219,
235,FORT HAMILTON ATHLETIC FIELD,-74.03742256,40.62666935,0,0,0,0,0,0,BROOKLYN     ,6.194,
236,AMBROSINI FIELD,-73.7842904,40.84448375,0,0,0,0,0,0,BRONX        ,6.1,
237,CLEARVIEW PARK,0.164964362,52.2267259,0,0,0,0,0,0,QUEENS       ,6.05,
238,RALPH DEMARCO PARK,-73.91705541,40.78422805,0,0,0,0,0,0,QUEENS       ,6.03,
239,WINGATE PARK,28.2697222,-25.825,0,0,0,0,0,0,BROOKLYN     ,5.888,
240,VAN VOORHEES PARK,-73.99966366,40.68981215,0,0,0,0,0,0,BROOKLYN     ,5.739,
241,HALLETS COVE PLAYGROUND,-73.93424414,40.7720251,0,0,0,0,0,0,QUEENS       ,5.7,
242,MCKINLEY PARK,-87.67968489,41.82489365,0,0,2,0,0,2,BROOKLYN     ,5.655,
243,SOUTHERN FIELDS,80.12028893,6.12778875,0,0,0,0,0,0,QUEENS       ,5.593,
244,DEVOE PARK,-73.90524348,40.8635581,0,0,0,0,0,0,BRONX        ,5.44,
245,ST. MICHAEL'S PLAYGROUND,-73.90030497,40.75870725,0,0,0,0,0,0,QUEENS       ,5.43,
246,MAFERA PARK,-73.89133478,40.70672855,0,0,0,0,0,0,QUEENS       ,5.4,
247,KENNEDY PLAYGROUND,-71.09594598,42.2654295,0,0,0,0,0,0,QUEENS       ,5.4,
248,SEAGIRT AVE WETLANDS,-73.74069613,40.5967916,0,0,0,0,0,0,QUEENS       ,5.323,
249,JOHN PAUL JONES PARK,-74.03385629,40.61100155,0,0,0,0,0,0,BROOKLYN     ,5.317,
250,WALKER PARK,-85.7533219,41.3294905,0,0,0,0,0,0,STATEN ISLAND,5.278,
251,OLD PLACE CREEK PARK,-76.5081457,38.940702,0,0,0,0,0,0,STATEN ISLAND,5.233,
252,GROVER CLEVELAND PLAYGROUND,-80.09901196,42.09090485,0,0,0,0,0,0,QUEENS       ,5.1,
253,POLICE OFFICER EDWARD BYRNE PARK,-73.8078412,40.6675008,0,0,0,0,0,0,QUEENS       ,4.966,
254,CYPRESS HILLS PLAYGROUND,-73.87166673,40.6704474,0,0,0,0,0,0,BROOKLYN     ,4.947,
255,KELLY PARK,-6.174621817,53.52619515,0,0,0,0,0,0,BROOKLYN     ,4.896,
256,BEACH 9 PLAYGROUND,-75.9992552,36.8022051,0,0,0,0,0,0,QUEENS       ,4.863,
257,SOUTH BEACH WETLANDS,-74.07024855,40.5888249,0,0,0,0,0,0,STATEN ISLAND,4.794,
258,NAPLES PLAYGROUND,-74.09004792,40.6025011,0,0,0,0,0,0,STATEN ISLAND,4.784,
259,RAOUL WALLENBERG FOREST,-73.91690069,40.88654625,0,0,0,0,0,0,BRONX        ,4.73,
260,WEST HARLEM PIERS,-73.96098748,40.8191325,0,0,0,0,0,0,MANHATTAN    ,4.712,
261,SPORTS PARK,-76.941998,18.2386244,0,0,0,0,0,0,STATEN ISLAND,4.647,
262,WASHINGTON'S WALK,-77.04026909,38.8898398,0,0,0,0,0,0,BRONX        ,4.637,
263,CAMBRIA PLAYGROUND,-73.74303736,40.6895068,0,0,0,0,0,0,QUEENS       ,4.635,
264,MARCONI PARK,-73.79549033,40.6939051,0,0,0,0,0,0,QUEENS       ,4.635,
265,VALENTINO PIER,7.686952364,45.05419745,5,0,0,0,0,5,BROOKLYN     ,4.525,
266,GRANITEVILLE QUARRY PARK,-74.15396395,40.6248938,0,0,0,0,0,0,STATEN ISLAND,4.465,
267,MONTBELLIER PARK,-73.75653334,40.6751007,0,0,0,0,0,0,QUEENS       ,4.427,
268,QUARRY BALLFIELDS,-73.89098394,40.8509376,0,0,0,0,0,0,BRONX        ,4.417,
269,RICHMAN (ECHO) PARK,-73.90164726,40.8493615,0,0,0,0,0,0,BRONX        ,4.385,
270,JEROME PARK,-79.9345068,39.6320259,0,0,0,0,12,12,BRONX        ,4.359,
271,CORLEARS HOOK PARK,-73.97953863,40.7117823,0,0,0,0,0,0,MANHATTAN    ,4.355,
272,"PHIL ""SCOOTER"" RIZZUTO PARK",-73.82159282,40.69479745,0,0,0,0,0,0,QUEENS       ,4.353,
273,ASPHALT GREEN,-74.0149055,40.7159868,0,0,0,0,0,0,MANHATTAN    ,4.35,
274,MACHATE CIRCLE,-73.97219336,40.651023,0,0,0,0,0,0,BROOKLYN     ,4.32,
275,HAMILTON FISH PARK,-73.98083392,40.71979385,0,0,0,0,0,0,MANHATTAN    ,4.3,
276,KINGDOM POND PARK,-74.18612088,40.5252066,0,0,0,0,0,0,STATEN ISLAND,4.22,
277,COLUMBUS PARK BROOKLYN,-73.98996796,40.69370195,0,0,0,0,0,0,BROOKLYN     ,4.14,
278,STAPLETON PLAYGROUND,-74.07963206,40.62323035,0,0,0,0,0,0,STATEN ISLAND,4.096,
279,STERNBERG PARK,-73.94720522,40.70604325,0,0,0,0,0,0,BROOKLYN     ,4.044,
280,COLUCCI PLAYGROUND,-73.83455185,40.8531979,0,0,0,0,0,0,BRONX        ,4,
281,NORTHERLEIGH PARK,-74.13387455,40.6227175,0,0,0,0,0,0,STATEN ISLAND,3.955,
282,STUYVESANT SQUARE,-73.98443966,40.73383055,0,0,0,0,0,0,MANHATTAN    ,3.928,
283,LAST CHANCE POND PARK,-74.09963158,40.58409665,0,0,0,0,0,0,STATEN ISLAND,3.903,
284,FORDHAM LANDING PLAYGROUND,-73.9105556,40.8633333,0,0,0,0,0,0,BRONX        ,3.9,
285,CHELSEA PARK,-74.00067926,40.74992925,0,0,0,0,0,0,MANHATTAN    ,3.9,
286,HAGGERTY PARK,-73.75767813,40.7129991,10,0,6,0,0,16,QUEENS       ,3.867,
287,JACOB H. SCHIFF PLAYGROUND,-73.95196522,40.82059105,0,0,0,0,0,0,MANHATTAN    ,3.852,
288,GRANT PARK,-87.6425237,41.2454168,0,0,0,0,0,0,BRONX        ,3.85,
289,EAST ELMHURST PLAYGROUND,-73.8709834,40.76562665,0,0,0,0,0,0,QUEENS       ,3.827,
290,JOSEPH AUSTIN PLAYGROUND,-73.80070362,40.71581,0,0,0,0,0,0,QUEENS       ,3.814,
291,LINCOLN CENTER PLAZA,-82.51423237,28.46607365,0,0,0,0,0,0,MANHATTAN    ,3.8,
292,INGRAM WOODS,-74.13661041,40.6092008,0,0,0,0,0,0,STATEN ISLAND,3.77,
293,FARM PLAYGROUND,-73.77743483,40.7357095,0,0,2,0,0,2,QUEENS       ,3.757,
294,HINTON PARK,-2.8402309,50.8940557,0,0,0,0,0,0,QUEENS       ,3.735,
295,LOUIS PASTEUR PARK,-73.73537043,40.7620708,0,0,0,0,0,0,QUEENS       ,3.673,
296,POMONOK PLAYGROUND,-73.8137851,40.7359552,0,0,0,0,0,0,QUEENS       ,3.596,
297,CLAWSON PLAYGROUND,-74.12392867,40.56047955,0,0,0,0,0,0,STATEN ISLAND,3.593,
298,GOVERNOR SMITH PLAYGROUND,-73.92085048,40.81927175,0,0,0,0,0,0,BRONX        ,3.564,
299,PAERDEGAT PARK,-73.93814035,40.6380541,0,0,0,0,0,0,BROOKLYN     ,3.56,
300,AMERSFORT PARK,-73.93901647,40.6286515,0,0,0,0,0,0,BROOKLYN     ,3.557,
301,CITY LINE PARK,-73.87553427,40.67962895,0,0,0,0,0,0,BROOKLYN     ,3.552,
302,BAILEY PLAYGROUND,-73.9008333,40.8811111,0,0,0,0,0,0,BRONX        ,3.533,
303,NAUTILUS PLAYGROUND QUEENS,-73.77,40.6844444,0,0,0,0,0,0,QUEENS       ,3.52,
304,VINMONT VETERAN PARK,-73.9052778,40.9022222,0,0,0,0,0,0,BRONX        ,3.5,
305,MCDONALD PLAYGROUND BROOKLYN,-73.97209571,40.60042545,0,0,0,0,0,0,BROOKLYN     ,3.485,
306,GRADY PLAYGROUND,-73.96467321,40.58239475,0,0,0,0,0,0,BROOKLYN     ,3.403,
307,ST. MICHAEL'S PARK,-6.159491103,53.2858888,0,0,0,0,0,0,QUEENS       ,3.4,
308,BREININGER PARK,-73.7289145,40.72581495,0,0,0,0,0,0,QUEENS       ,3.4,
309,GREENWOOD PLAYGROUND,-73.97635283,40.65006935,0,0,0,0,0,0,BROOKLYN     ,3.39,
310,ST. ANDREW'S PLAYGROUND,-71.47670615,42.7304442,0,0,0,0,0,0,BROOKLYN     ,3.38,
311,SEWARD PARK,-73.98912651,40.71488705,0,0,0,0,0,0,MANHATTAN    ,3.361,
312,BEHAGEN PLAYGROUND,-73.901424,40.82532305,0,0,0,0,0,0,BRONX        ,3.348,
313,DUGAN PLAYGROUND,-74.11154451,40.5617714,0,0,0,0,0,0,STATEN ISLAND,3.333,
314,EVERGREEN PARK,-87.7013258,41.720136,0,0,0,0,0,0,QUEENS       ,3.32,
315,JOHN JAY PARK,-73.94954032,40.76926285,0,0,0,0,0,0,MANHATTAN    ,3.312,
316,UNIVERSITY WOODS,-81.340727,41.1590427,0,0,0,0,0,0,BRONX        ,3.306,
317,WATSON GLEASON PLAYGROUND,-73.86895895,40.82843375,0,0,0,0,0,0,BRONX        ,3.301,
318,JUDGE MOSES WEINSTEIN PLAYGROUND,-73.82058492,40.7182697,0,0,0,0,0,0,QUEENS       ,3.25,
319,GREENCROFT PLAYGROUND,-74.13648863,40.5517135,0,0,0,0,0,0,STATEN ISLAND,3.23,
320,SARATOGA PARK,-78.82895023,35.77599235,0,0,0,0,0,0,BROOKLYN     ,3.214,
321,SCARANGELLA PARK,-73.98432701,40.5946841,0,0,0,0,0,0,BROOKLYN     ,3.214,
322,BILL BROWN PLAYGROUND,-73.9457481,40.59255745,0,0,0,0,0,0,BROOKLYN     ,3.214,
323,JAMAICA PLAYGROUND,-73.79117469,40.6934413,0,0,0,0,0,0,QUEENS       ,3.21,
324,NOBLE PLAYGROUND,-73.87231971,40.8374094,0,0,0,0,0,0,BRONX        ,3.21,
325,MARCY PLAYGROUND,-73.95062611,40.6956024,0,0,0,0,0,0,BROOKLYN     ,3.201,
326,LYONS POOL,-96.4798155,41.9371628,0,0,0,0,0,0,STATEN ISLAND,3.195,
327,WAYANDA PARK,-73.73908496,40.71068865,0,0,0,0,0,0,QUEENS       ,3.17,
328,AMERICAN VETERANS MEMORIAL PIER,-74.03775687,40.6393763,0,4,0,0,0,4,BROOKLYN     ,3.169,
329,HOLCOMBE RUCKER PARK,-73.93610977,40.82930295,0,4,0,0,0,4,MANHATTAN    ,3.125,
330,JESSE OWENS PLAYGROUND,-73.93241814,40.6913234,0,4,0,0,0,4,BROOKLYN     ,3.1,
331,EAST RIVER WALK,-0.8452852,53.7177948,0,0,0,0,0,0,MANHATTAN    ,3.089,
332,PARK OF THE AMERICAS,-73.86190907,40.7485355,0,0,0,0,0,0,QUEENS       ,3.076,
333,BROOKLYN HEIGHTS PROMENADE,-73.99738715,40.6973713,0,0,0,0,12,12,BROOKLYN     ,3.035,
334,J.J. BYRNE PLAYGROUND,-73.98411819,40.6727774,0,0,0,0,0,0,BROOKLYN     ,3.03,
335,HERO PARK,-74.08787057,40.630285,0,0,0,0,0,0,STATEN ISLAND,3.024,
336,NOSTRAND PLAYGROUND,-73.9468221,40.63780265,0,0,0,0,0,0,BROOKLYN     ,3.023,
337,FORT INDEPENDENCE PLAYGROUND,-60.98798171,14.0061191,0,0,0,0,0,0,BRONX        ,3.02,
338,BROWNSVILLE PLAYGROUND,-73.90202363,40.65657705,0,0,0,0,0,0,BROOKLYN     ,3.017,
339,GRANDVIEW PLAYGROUND,-74.16447057,40.63067745,0,0,0,0,0,0,STATEN ISLAND,3.014,
340,LAWRENCE VIRGILIO PLAYGROUND,-73.91051702,40.74741955,0,0,0,0,0,0,QUEENS       ,3.009,
341,UTOPIA PLAYGROUND,-73.79291151,40.73046625,0,0,0,0,0,0,QUEENS       ,2.98,
342,BATH BEACH PARK,-74.00169021,40.5963063,5,0,0,0,0,5,BROOKLYN     ,2.964,
343,GLEN OAKS OVAL,-73.7155936,40.749499,0,0,0,0,0,0,QUEENS       ,2.948,
344,MERRIAM PLAYGROUND,-73.9269444,40.8391667,0,0,0,0,0,0,BRONX        ,2.944,
345,ROBERT E. VENABLE PARK,-73.86519866,40.67455995,0,0,0,0,0,0,BROOKLYN     ,2.939,
346,LEFFERTS PLAYGROUND,-73.8210088,40.6655131,0,0,0,0,0,0,QUEENS       ,2.937,
347,WALT WHITMAN PARK,-73.98935462,40.69822655,0,0,4,0,0,4,BROOKLYN     ,2.913,
348,WESTERLEIGH PARK,-74.13446412,40.61982335,0,0,0,0,0,0,STATEN ISLAND,2.889,
349,PETERS FIELD,-73.77492905,40.70612745,0,0,0,0,0,0,QUEENS       ,2.872,
350,DELPHIN H. GREENE PLAYGROUND,-73.72880645,40.6849176,0,0,0,0,0,0,QUEENS       ,2.861,
351,HOFFMAN PARK,-73.87195345,40.7328138,0,0,0,0,0,0,QUEENS       ,2.857,
352,MARKHAM PLAYGROUND,-74.14569735,40.6241934,0,16,0,0,0,16,STATEN ISLAND,2.836,
353,IRVING SQUARE PARK,-73.90920535,40.69246115,0,0,0,0,0,0,BROOKLYN     ,2.76,
354,ST. VARTAN PARK,-73.97481705,40.74561855,0,0,0,0,0,0,MANHATTAN    ,2.759,
355,RAVENSWOOD PLAYGROUND,-73.93556384,40.7625745,0,0,0,0,0,0,QUEENS       ,2.758,
356,GORMAN PLAYGROUND,-73.88423637,40.76238795,0,0,0,0,0,0,QUEENS       ,2.755,
357,GRACE PLAYGROUND,-73.8943681,40.67156135,0,0,0,0,12,12,BROOKLYN     ,2.744,
358,GREEN CENTRAL KNOLL,-73.9329426,40.70168695,0,0,0,0,0,0,BROOKLYN     ,2.741,
359,DETECTIVE WILLIAM T. GUNN PARK,-73.7315964,40.73197945,0,0,0,0,0,0,QUEENS       ,2.719,
360,HOLY COW PLAYGROUND,-73.77674637,40.74133485,0,0,0,0,0,0,QUEENS       ,2.7,
361,BAYSIDE FIELDS,-122.3581517,37.5917163,0,0,0,0,0,0,QUEENS       ,2.69,
362,HICKMAN PLAYGROUND,-73.91320186,40.6203605,0,0,0,0,0,0,BROOKLYN     ,2.656,
363,ARBUTUS WOODS PARK,-74.1853183,40.5286251,0,0,0,0,0,0,STATEN ISLAND,2.65,
364,STARS & STRIPES PLAYGROUND,-73.8395727,40.88540605,0,0,0,0,0,0,BRONX        ,2.646,
365,COLEMAN PLAYGROUND,-73.99356535,40.71113785,0,0,0,0,0,0,MANHATTAN    ,2.61,
366,MARGARET I. CARMAN GREEN - WEEPING BEECH,-73.82490337,40.76305005,0,0,0,0,0,0,QUEENS       ,2.6,
367,KATHY REILLY TRIANGLE,-74.01797596,40.62515105,0,0,0,0,0,0,BROOKLYN     ,2.589,
368,RIVERDALE PLAYGROUND,-73.91482182,40.887818,0,0,0,0,0,0,BRONX        ,2.58,
369,MARIE CURIE PARK,-73.77127083,40.7571062,0,0,0,0,0,0,QUEENS       ,2.552,
370,EDENWALD PLAYGROUND,-73.8447222,40.8841667,0,0,0,0,0,0,BRONX        ,2.537,
371,THOMAS GREENE PLAYGROUND,-73.98524891,40.68027595,0,0,0,0,0,0,BROOKLYN     ,2.525,
372,MURRAY PLAYGROUND,-73.81182498,40.7616608,0,0,6,0,0,6,QUEENS       ,2.524,
373,BIG BUSH PARK,-73.90267553,40.7395273,0,0,0,0,0,0,QUEENS       ,2.5,
374,BATHGATE PLAYGROUND,-73.894231,40.8527522,0,0,0,0,0,0,BRONX        ,2.5,
375,JOSEPH RODMAN DRAKE PARK,-73.88250568,40.8103133,0,0,0,0,0,0,BRONX        ,2.49,
376,ALLEY PARK,-82.5809951,39.6881201,0,0,0,0,0,0,QUEENS       ,2.446,
377,DAMROSCH PARK,-73.98506998,40.7723164,0,0,0,0,0,0,MANHATTAN    ,2.443,
378,ASSER LEVY PLAYGROUND,-73.97560428,40.73647225,0,0,0,0,0,0,MANHATTAN    ,2.436,
379,LOST BATTALION HALL RECREATION CENTER,-73.8655024,40.7318159,0,0,0,0,0,0,QUEENS       ,2.412,
380,DUTCH KILLS PLAYGROUND,-73.93326017,40.7570419,0,0,0,0,0,0,QUEENS       ,2.4,
381,KOSCIUSZKO POOL,-73.94934443,40.69127255,0,0,0,0,0,0,BROOKLYN     ,2.391,
382,WEST PLAYGROUND,-73.97002888,40.5869833,0,0,0,0,0,0,BROOKLYN     ,2.387,
383,HOMECREST PLAYGROUND,-73.95729941,40.58611335,0,0,0,0,0,0,BROOKLYN     ,2.372,
384,DE MATTI PLAYGROUND,-74.07394792,40.61466185,0,0,0,0,0,0,STATEN ISLAND,2.335,
385,POE PARK,-73.89453546,40.86491615,0,0,0,0,0,0,BRONX        ,2.331,
386,OVERLOOK PARK,-75.4487765,40.6111759,0,0,0,0,0,0,QUEENS       ,2.327,
387,BARUCH PLAYGROUND,-73.97669481,40.71759685,0,0,0,0,0,0,MANHATTAN    ,2.32,
388,RAILROAD PLAYGROUND,-73.91429368,40.6494388,0,0,0,0,0,0,BROOKLYN     ,2.3,
389,OSBORN PLAYGROUND,-73.9058333,40.6555556,0,0,0,0,0,0,BROOKLYN     ,2.3,
390,FLOYD PATTERSON BALLFIELDS,-73.90409635,40.66090085,0,0,0,0,0,0,BROOKLYN     ,2.3,
391,TRIBORO PLAZA,-71.30017,41.9701,10,0,0,0,0,10,MANHATTAN    ,2.3,
392,POWER PLAYGROUND,-73.9273314,40.61812405,0,0,0,0,0,0,BROOKLYN     ,2.295,
393,MONSIGNOR CRAWFORD FIELD,-73.9166667,40.6144444,0,0,0,0,0,0,BROOKLYN     ,2.291,
394,MARTIN LUTHER KING JR. PLAYGROUND,-76.9650291,42.88006465,0,0,0,0,0,0,BROOKLYN     ,2.29,
395,CENTURY PLAYGROUND,-73.97010388,40.5768467,0,0,0,0,0,0,BROOKLYN     ,2.282,
396,SOUTH PACIFIC PLAYGROUND,-80.1197097,42.08091295,0,0,0,0,15,15,BROOKLYN     ,2.264,
397,NORTH SHORE ESPLANADE,-74.07564614,40.6461704,0,0,0,0,0,0,STATEN ISLAND,2.252,
398,FOX PLAYGROUND BROOKLYN,-73.92396601,40.6323987,0,0,0,0,0,0,BROOKLYN     ,2.25,
399,VLEIGH PLAYGROUND,-73.8164698,40.72988075,0,0,0,0,0,0,QUEENS       ,2.243,
400,LAREDO AVENUE PARCEL,-74.17406276,40.548302,0,0,0,0,0,0,STATEN ISLAND,2.223,
401,FREDERICK B. JUDGE PLAYGROUND,-73.80798344,40.68290955,0,0,0,0,0,0,QUEENS       ,2.217,
402,BELMONT PLAYGROUND BRONX,-73.88773435,40.8502595,0,0,0,0,0,0,BRONX        ,2.213,
403,MAHONEY PLAYGROUND,-74.08580771,40.64333615,0,0,0,0,0,0,STATEN ISLAND,2.21,
404,ANCHORAGE PLAZA,-73.99014005,40.70120155,0,0,0,0,0,0,BROOKLYN     ,2.2,
405,ASTORIA HEIGHTS PLAYGROUND,-73.91178874,40.76035615,0,20,0,0,0,20,QUEENS       ,2.2,
406,HOYT PLAYGROUND,-73.91720937,40.7716202,0,0,0,0,0,0,QUEENS       ,2.2,
407,LORETO PLAYGROUND,-73.8522222,40.8491667,0,0,0,0,0,0,BRONX        ,2.181,
408,HARDING PARK,-73.85672885,40.8100174,0,0,0,0,0,0,BRONX        ,2.16,
409,WASHINGTON MARKET PARK,-74.01152813,40.7169464,0,0,0,0,0,0,MANHATTAN    ,2.15,
410,VIDALIA PARK,-73.88128078,40.8437147,0,0,0,0,0,0,BRONX        ,2.136,
411,BRIDGE PARK BROOKLYN,-73.99921576,40.6979098,0,0,0,0,0,0,BROOKLYN     ,2.117,
412,HAMILTON METZ FIELD,-73.9409689,40.66245335,0,0,0,0,0,0,BROOKLYN     ,2.112,
413,CARDOZO PLAYGROUND,-73.78658782,40.593242,5,0,0,0,0,5,QUEENS       ,2.096,
414,CENTREVILLE PLAYGROUND,-73.83910377,40.67033445,0,0,0,0,0,0,QUEENS       ,2.095,
415,REDFERN PLAYGROUND,-73.74935184,40.6113149,0,0,0,0,0,0,QUEENS       ,2.093,
416,SHEEPSHEAD PLAYGROUND,-73.94023008,40.58883035,0,0,0,0,0,0,BROOKLYN     ,2.087,
417,STORY PLAYGROUND,-73.8630556,40.8230556,0,0,0,0,0,0,BRONX        ,2.075,
418,SAKURA PARK,-73.96215658,40.8129803,0,0,0,0,0,0,MANHATTAN    ,2.067,
419,LINNAEUS PARK,-73.75071341,40.75381445,0,0,0,0,0,0,QUEENS       ,2.066,
420,CASTLEWOOD PLAYGROUND,-73.72235774,40.7493181,0,0,0,0,0,0,QUEENS       ,2.059,
421,SKYLINE PLAYGROUND,-74.08984964,40.6394838,0,0,0,0,0,0,STATEN ISLAND,2.057,
422,CLOVE'S TAIL,-74.11379992,40.6132194,0,0,0,0,0,0,STATEN ISLAND,2.056,
423,DANIEL M. O'CONNELL PLAYGROUND,-73.75812056,40.69988465,0,0,0,0,0,0,QUEENS       ,2.043,
424,CHALLENGE PLAYGROUND,-73.7280556,40.7566667,0,0,0,0,0,0,QUEENS       ,2.035,
425,TORSNEY PLAYGROUND,-73.92186368,40.74733935,4,0,0,0,0,4,QUEENS       ,2.027,
426,LOCUST MANOR PLAYGROUND,-73.7563889,40.6861111,0,0,0,0,0,0,QUEENS       ,2.003,
427,FULTON PARK,-73.93226541,40.67991755,0,0,0,0,0,0,BROOKLYN     ,1.987,
428,ANDREW HASWELL GREEN PARK,-73.95753595,40.75958315,0,0,0,0,0,0,MANHATTAN    ,1.984,
429,MOORE HOMESTEAD PLAYGROUND,-73.88244497,40.7422735,0,0,0,0,0,0,QUEENS       ,1.978,
430,MCLAUGHLIN PARK,-113.9322198,53.5481663,0,0,0,0,0,0,BROOKLYN     ,1.976,
431,COLONEL DAVID MARCUS PLAYGROUND,-73.96867293,40.6102105,0,0,0,0,0,0,BROOKLYN     ,1.974,
432,SUMNER PLAYGROUND,-73.9424986,40.6972938,0,0,0,0,0,0,BROOKLYN     ,1.97,
433,ROSEMARY'S PLAYGROUND,-73.90395416,40.7047382,0,0,0,0,0,0,QUEENS       ,1.967,
434,SAUL WEPRIN PLAYGROUND,-73.77645308,40.7481794,0,0,0,0,0,0,QUEENS       ,1.964,
435,BRIDGE PARK 3,-73.98564599,40.70026755,0,0,0,0,0,0,BROOKLYN     ,1.934,
436,THE PAINTER'S PLAYGROUND,-73.86011538,40.7205638,0,0,0,0,0,0,QUEENS       ,1.932,
437,ROBERTO CLEMENTE BALLFIELD,-73.96768304,40.7064474,10,0,0,0,0,10,BROOKLYN     ,1.93,
438,TERRACE PLAYGROUND,-74.09854491,40.6136384,0,0,0,0,0,0,STATEN ISLAND,1.922,
439,TRAVERS PARK,-73.88925665,40.75398045,0,0,0,0,0,0,QUEENS       ,1.919,
440,DIMATTINA PLAYGROUND,-74.00271141,40.6799059,0,0,0,0,0,0,BROOKLYN     ,1.9,
441,HERMAN DOLGON PLAYGROUND,-73.94,40.59810435,0,0,0,0,0,0,BROOKLYN     ,1.894,
442,GORMAN PARK,-93.96327248,44.3247281,0,0,0,0,0,0,MANHATTAN    ,1.89,
443,WILLIS PLAYGROUND,-73.9236111,40.8108333,0,0,0,0,0,0,BRONX        ,1.882,
444,THOMAS PAINE PARK,-74.0027605,40.7147504,0,0,0,0,0,0,MANHATTAN    ,1.875,
445,CARROLL PARK,-73.9956137,40.68113435,0,0,0,0,0,0,BROOKLYN     ,1.874,
446,COLGATE CLOSE,-0.1047451,50.8273138,0,0,0,0,0,0,BRONX        ,1.871,
447,TAAFFE PLAYGROUND,-73.9607901,40.69562385,0,0,0,0,0,0,BROOKLYN     ,1.821,
448,MAPES BALLFIELD,-73.88581223,40.8472241,0,0,0,0,10,10,BRONX        ,1.806,
449,MIDLAND MALLS,-73.78246389,40.71323965,0,0,0,0,0,0,QUEENS       ,1.803,
450,CEDAR PLAYGROUND,-73.91734556,40.85523395,0,0,0,0,0,0,BRONX        ,1.8,
451,BENNETT PARK,-73.9380544,40.85301675,0,0,0,0,0,0,MANHATTAN    ,1.8,
452,CONCH PLAYGROUND,-73.78077783,40.5960509,0,0,0,0,0,0,QUEENS       ,1.8,
453,DR. GREEN PLAYGROUND,-2.902460986,53.4105266,0,0,0,0,0,0,BROOKLYN     ,1.791,
454,BRUST PARK,-73.9036111,40.8897222,0,0,0,0,0,0,BRONX        ,1.79,
455,LAURELTON PLAYGROUND,-73.7361294,40.6705507,0,0,0,0,0,0,QUEENS       ,1.785,
456,MANOR PARK,-0.1355069,51.4269492,0,0,0,0,0,0,STATEN ISLAND,1.78,
457,TAPPEN PARK,-74.07684955,40.62681635,0,0,0,0,0,0,STATEN ISLAND,1.777,
458,LUNA PARK,-58.36868972,-34.6024261,0,0,0,0,0,0,BROOKLYN     ,1.76,
459,ALFRED E. SMITH PLAYGROUND,-73.99742016,40.71060985,0,0,0,0,0,0,MANHATTAN    ,1.75,
460,ELECTRIC PLAYGROUND,-73.80534062,40.73602435,0,0,0,0,0,0,QUEENS       ,1.749,
461,YELLOWSTONE PARK,-95.36294797,29.6933376,0,0,0,0,0,0,QUEENS       ,1.745,
462,CORONA GOLF PLAYGROUND,-73.85458909,40.7475794,0,0,0,0,0,0,QUEENS       ,1.722,
463,WILSON PLAYGROUND,-72.91960613,41.6746116,0,0,0,0,0,0,BROOKLYN     ,1.721,
464,NORTHERN PLAYGROUND,-73.87456958,40.7560498,10,0,0,0,0,10,QUEENS       ,1.719,
465,BARTEL-PRITCHARD SQUARE,-73.97986752,40.660999,0,0,0,0,0,0,BROOKLYN     ,1.711,
466,DOUGHBOY PLAZA,-73.90917461,40.7466012,0,0,0,0,0,0,QUEENS       ,1.71,
467,GRAND FERRY PARK,-73.966931,40.7166488,0,0,4,0,0,4,BROOKLYN     ,1.7,
468,HAPPY WARRIOR PLAYGROUND,-73.9687173,40.7953895,0,0,0,0,0,0,MANHATTAN    ,1.7,
469,ALLEN MALL ONE,120.6036519,16.41331115,0,0,0,0,0,0,MANHATTAN    ,1.698,
470,STAR SPANGLED PLAYGROUND,-73.95788629,40.69156575,0,0,0,0,0,0,BROOKLYN     ,1.687,
471,PATTERSON PLAYGROUND,-73.92204005,40.8157936,0,0,0,0,0,0,BRONX        ,1.683,
472,MIDLAND PLAYGROUND,-80.4441381,40.6365432,0,0,0,0,0,0,STATEN ISLAND,1.681,
473,BANNEKER PLAYGROUND,-73.9488889,40.6902778,0,0,0,0,0,0,BROOKLYN     ,1.67,
474,JAMES J WALKER PARK,-74.00630705,40.72974205,0,0,0,0,0,0,MANHATTAN    ,1.67,
475,WHITESTONE PLAYGROUND,-73.80835337,40.79202455,0,0,0,0,0,0,QUEENS       ,1.662,
476,EQUITY PARK,-73.8536111,40.6913889,0,0,0,0,0,0,QUEENS       ,1.657,
477,THURSBY BASIN PARK,-73.79175876,40.59561705,0,0,0,0,0,0,QUEENS       ,1.657,
478,BELL MALLS,-73.76675399,40.75470775,0,0,0,0,0,0,QUEENS       ,1.652,
479,NEHEMIAH PARK,-73.90564404,40.6622201,0,0,0,0,0,0,BROOKLYN     ,1.648,
480,MARBLE HILL PLAYGROUND,-73.90817755,40.87741155,0,0,0,0,0,0,BRONX        ,1.646,
481,HARLEM LANE PLAYGROUND,-73.93479501,40.82559025,0,0,0,0,0,0,MANHATTAN    ,1.635,
482,CROWLEY PLAYGROUND,-73.87962312,40.72953655,0,0,0,0,0,0,QUEENS       ,1.633,
483,BURNS PLAYGROUND,-73.83658167,40.8629442,0,0,0,0,0,0,BRONX        ,1.623,
484,100% PLAYGROUND,-72.67704275,44.99348558,0,0,0,0,0,0,BROOKLYN     ,1.616,
485,JACKIE ROBINSON PARK BROOKLYN,-73.92767604,40.6802024,0,4,0,0,0,4,BROOKLYN     ,1.607,
486,IDA COURT,153.3371407,-28.0199208,0,0,0,0,0,0,STATEN ISLAND,1.6,
487,JENNIFER'S PLAYGROUND,-74.16313818,40.62006015,0,0,0,0,0,0,STATEN ISLAND,1.6,
488,REAL GOOD PARK,-73.85734033,40.7355614,0,0,0,0,0,0,QUEENS       ,1.598,
489,ALLERTON PLAYGROUND,-70.96282034,42.26279785,0,0,0,0,0,0,BRONX        ,1.597,
490,OCEAN HILL PLAYGROUND,-73.91218126,40.67437265,0,0,0,0,0,0,BROOKLYN     ,1.595,
491,BELLEVUE SOUTH PARK,-73.97805142,40.74003965,0,0,0,0,0,0,MANHATTAN    ,1.593,
492,MAZZEI PLAYGROUND,-73.85819245,40.86252265,0,0,0,0,0,0,BRONX        ,1.59,
493,DAG HAMMARSKJOLD PLAZA,-73.96887208,40.7523699,0,0,0,0,0,0,MANHATTAN    ,1.59,
494,KOLBERT PLAYGROUND,-73.95799665,40.62003795,0,0,0,0,0,0,BROOKLYN     ,1.581,
495,POOR RICHARD'S PLAYGROUND,-73.94295424,40.7926604,0,0,0,0,0,0,MANHATTAN    ,1.58,
496,OLMSTED-BEIL HOUSE PARK,-74.15794156,40.5319673,0,0,0,0,0,0,STATEN ISLAND,1.58,
497,JOAN OF ARC PARK,-73.9765237,40.79426485,0,0,0,0,0,0,MANHATTAN    ,1.578,
498,TAYLOR PLAYGROUND,-85.7032737,38.2037088,0,0,0,0,0,0,BRONX        ,1.578,
499,HARMONY PARK,20.99519209,52.16060415,0,0,0,0,0,0,BROOKLYN     ,1.56,
500,BRIARWOOD PLAYGROUND,-73.8112112,40.7104843,0,0,0,0,0,0,QUEENS       ,1.558,
501,CLINTONVILLE PLAYGROUND,-73.8078348,40.78328415,0,0,0,0,0,0,QUEENS       ,1.553,
502,WASHINGTON PARK BROOKLYN,-73.98503054,40.67321605,0,0,0,0,0,0,BROOKLYN     ,1.549,
503,JOHN HANCOCK PLAYGROUND,-73.9542798,40.6825137,0,0,0,0,0,0,BROOKLYN     ,1.547,
504,FRANK D. O'CONNOR PLAYGROUND,-73.88675419,40.7443932,0,0,0,0,0,0,QUEENS       ,1.537,
505,OLD TOWN PLAYGROUND,-76.92820408,38.9806071,0,0,0,0,0,0,STATEN ISLAND,1.534,
506,HUGUENOT PONDS PARK,-74.18962936,40.5298593,0,0,0,0,0,0,STATEN ISLAND,1.53,
507,REIFF PLAYGROUND,-73.90174263,40.7185114,0,0,0,0,0,0,QUEENS       ,1.529,
508,RUSSELL SAGE PLAYGROUND,-73.85149903,40.7237171,0,12,0,0,0,12,QUEENS       ,1.526,
509,ROGER MORRIS PARK,-73.9383868,40.83466385,0,0,0,0,0,0,MANHATTAN    ,1.524,
510,BROAD CHANNEL PARK,-73.81973265,40.60094775,0,0,0,0,0,0,QUEENS       ,1.52,
511,SPUYTEN DUYVIL PLAYGROUND,-73.91606086,40.8871711,10,0,0,0,0,10,BRONX        ,1.51,
512,JOHN ALLEN PAYNE PARK,-74.02381474,40.6399121,0,0,0,0,0,0,BROOKLYN     ,1.51,
513,BULOVA PARK,-73.89225952,40.76318205,0,0,0,0,0,0,QUEENS       ,1.502,
514,GOLCONDA PLAYGROUND,-73.9825558,40.6979139,0,0,0,0,0,0,BROOKLYN     ,1.5,
515,MAPLE GROVE PARK,-75.9685484,40.2103716,0,0,0,0,0,0,QUEENS       ,1.5,
516,DECATUR PLAYGROUND,-73.9366667,40.6813889,0,0,0,0,0,0,BROOKLYN     ,1.5,
517,DRY DOCK PLAYGROUND,-73.97548315,40.7254397,0,0,0,0,3,3,MANHATTAN    ,1.5,
518,MARX BROTHERS PLAYGROUND,-73.94596846,40.7842912,0,0,0,0,0,0,MANHATTAN    ,1.486,
519,BREVOORT PLAYGROUND,-73.92273783,40.6804333,0,0,0,0,0,0,BROOKLYN     ,1.485,
520,TALL OAK PLAYGROUND,-73.75818397,40.74609785,0,0,0,0,0,0,QUEENS       ,1.48,
521,FRONTERA PARK,-73.89548802,40.7243936,0,0,0,0,0,0,QUEENS       ,1.47,
522,COLDEN PLAYGROUND,-73.82725159,40.7702972,0,0,0,0,0,0,QUEENS       ,1.466,
523,LUTHER GULICK PLAYGROUND,-73.98187569,40.71587525,0,0,0,0,0,0,MANHATTAN    ,1.451,
524,PULASKI PARK,-87.66331797,41.9065431,0,0,0,0,0,0,BRONX        ,1.45,
525,BOOKER T. WASHINGTON PLAYGROUND,-73.96363645,40.80099145,0,0,0,0,0,0,MANHATTAN    ,1.441,
526,DUNBAR PLAYGROUND,-73.90646158,40.8230351,0,0,0,0,0,0,BRONX        ,1.44,
527,PLAYGROUND TWENTY ONE,-73.79852988,40.77820915,0,0,0,0,0,0,QUEENS       ,1.439,
528,PROSPECT PLAYGROUND,-73.89063955,40.8429896,0,0,0,0,0,0,BRONX        ,1.438,
529,WOODS PLAYGROUND,-73.92897121,40.67461555,0,0,0,0,0,0,BROOKLYN     ,1.438,
530,GLENWOOD PLAYGROUND,-73.9198619,40.636739,0,0,0,15,0,15,BROOKLYN     ,1.43,
531,ALMEDA PLAYGROUND,-73.79454352,40.59358695,0,0,0,0,0,0,QUEENS       ,1.43,
532,NORELLI-HARGREAVES PLAYGROUND,-73.80920841,40.69068655,0,0,0,0,0,0,QUEENS       ,1.427,
533,PULASKI PLAYGROUND,-87.32431478,41.5862004,0,0,0,0,0,0,BROOKLYN     ,1.416,
534,BILDERSEE PLAYGROUND,-73.91167186,40.63555565,0,0,0,0,0,0,BROOKLYN     ,1.416,
535,MACDONALD PARK,138.6407608,-34.6700071,0,0,0,0,0,0,QUEENS       ,1.415,
536,VAN DYKE PLAYGROUND,-73.90401404,40.6644076,0,0,0,0,15,15,BROOKLYN     ,1.398,
537,WILLIAMSBRIDGE SQUARE,-73.8444133,40.8423244,0,0,0,0,15,15,BRONX        ,1.395,
538,PEOPLE'S PARK,-122.2571629,37.86586155,0,0,0,0,0,0,BRONX        ,1.394,
539,DOME PLAYGROUND,-73.97993478,40.6379483,0,0,0,0,0,0,BROOKLYN     ,1.385,
540,ST. CATHERINE'S PARK,-6.478298638,53.36634595,0,0,0,0,0,0,MANHATTAN    ,1.383,
541,HOWARD VON DOHLEN PLAYGROUND,-73.81298594,40.69944855,0,0,0,0,0,0,QUEENS       ,1.381,
542,HAVEN AVENUE,-117.5758075,34.0027358,0,0,0,0,0,0,MANHATTAN    ,1.38,
543,ARCILLA PLAYGROUND,-73.91428682,40.82709325,0,0,0,0,0,0,BRONX        ,1.377,
544,FOUNTAIN OF YOUTH PLAYGROUND,-73.9055556,40.8136111,0,0,0,12,0,12,BRONX        ,1.375,
545,MARTINEZ PLAYGROUND,-73.94437699,40.7091749,5,0,0,0,0,5,BROOKLYN     ,1.373,
546,HILLSIDE PARK BROOKLYN,-73.99431425,40.7014288,0,0,0,0,0,0,BROOKLYN     ,1.371,
547,PLAYGROUND ONE FORTY,-73.80124368,40.67520155,0,0,0,0,0,0,QUEENS       ,1.37,
548,CRACK IS WACK PLAYGROUND,-73.9318857,40.8045318,0,0,0,0,0,0,MANHATTAN    ,1.369,
549,CASTLE HILL PLAYGROUND,-73.84955801,40.81954455,0,0,0,0,0,0,BRONX        ,1.368,
550,HOPE BALLFIELD,-73.91714456,40.6974971,0,0,0,0,0,0,BROOKLYN     ,1.363,
551,ADAM YAUCH PARK,-73.99873598,40.6918314,0,0,0,0,0,0,BROOKLYN     ,1.363,
552,DR. RONALD MCNAIR PARK,-73.96200183,40.67044175,0,0,0,0,0,0,BROOKLYN     ,1.361,
553,ADMIRAL FARRAGUT PLAYGROUND,-73.8916667,40.8427778,0,0,0,0,0,0,BRONX        ,1.359,
554,MCDONALD PLAYGROUND STATEN ISLAND,-74.11533639,40.629596,0,0,0,0,0,0,STATEN ISLAND,1.352,
555,FRESH MEADOWS PLAYGROUND,-73.79618035,40.7341203,0,0,0,0,0,0,QUEENS       ,1.35,
556,RENAISSANCE PLAYGROUND,-73.94172386,40.82131365,0,0,0,0,0,0,MANHATTAN    ,1.34,
557,REMSEN PLAYGROUND,-73.9077778,40.6422222,0,0,0,0,0,0,BROOKLYN     ,1.333,
558,MARC AND JASON'S PLAYGROUND,-73.95000876,40.66367975,0,0,0,0,0,0,BROOKLYN     ,1.326,
559,VETERANS PARK STATEN ISLAND,-74.29903647,40.65557535,0,0,0,0,0,0,STATEN ISLAND,1.324,
560,LYONS SQUARE PLAYGROUND,-73.88805565,40.82289325,0,0,0,0,0,0,BRONX        ,1.322,
561,AGNES HAYWOOD PLAYGROUND,-73.8616667,40.8802778,0,0,0,0,0,0,BRONX        ,1.32,
562,MARION HOPKINSON PLAYGROUND,-73.91321247,40.6817781,0,0,0,0,0,0,BROOKLYN     ,1.32,
563,AMPERE PLAYGROUND,-73.85679357,40.6815959,0,0,0,0,0,0,QUEENS       ,1.318,
564,POTOMAC PLAYGROUND,-73.94429965,40.68206865,0,0,0,0,0,0,BROOKLYN     ,1.315,
565,DETECTIVE JOSEPH MAYROSE PARK,-73.98783266,40.66154405,0,0,0,0,0,0,BROOKLYN     ,1.314,
566,PAUL RAIMONDA PLAYGROUND,-73.89742587,40.7728211,0,0,0,0,0,0,QUEENS       ,1.31,
567,PRALL PLAYGROUND,-74.11825858,40.62848715,0,4,0,0,0,4,STATEN ISLAND,1.307,
568,HORACE HARDING PLAYGROUND,-73.86054431,40.73325165,0,0,0,0,0,0,QUEENS       ,1.304,
569,DEAN PLAYGROUND,-73.97316194,40.6808667,0,0,0,0,0,0,BROOKLYN     ,1.3,
570,SEVEN GABLES PLAYGROUND,-73.76647565,40.7442735,0,0,0,0,0,0,QUEENS       ,1.297,
571,TRIBOROUGH BRIDGE PLAYGROUND B,-73.92304625,40.7745324,0,0,2,0,0,2,QUEENS       ,1.295,
572,LITTLE FLOWER PLAYGROUND,-90.1148488,29.9706131,0,0,2,0,0,2,MANHATTAN    ,1.294,
573,DONGAN PLAYGROUND,-74.08920143,40.58248185,0,0,0,0,0,0,STATEN ISLAND,1.293,
574,EAST RIVER PLAYGROUND,-73.93922337,40.78690755,0,0,0,0,0,0,MANHATTAN    ,1.285,
575,SAMUEL H. YOUNG PARK,-73.8386111,40.8416667,0,0,0,0,0,0,BRONX        ,1.285,
576,SPACE TIME PLAYGROUND,-73.86,40.8222222,0,0,0,0,0,0,BRONX        ,1.28,
577,BOWNE PLAYGROUND,-73.82480743,40.758242,0,0,0,0,0,0,QUEENS       ,1.28,
578,RUDD PLAYGROUND,-73.90542773,40.68350925,0,0,0,0,0,0,BROOKLYN     ,1.278,
579,WILLOW LAKE PLAYGROUND,-73.8372231,40.7228637,0,0,0,0,0,0,QUEENS       ,1.277,
580,WAGNER PLAYGROUND,-73.93487687,40.7997949,0,0,0,0,0,0,MANHATTAN    ,1.27,
581,EMERALD PLAYGROUND,-73.80596812,40.73111685,0,0,0,0,0,0,QUEENS       ,1.265,
582,CHARLIE'S PLACE,-73.94627156,40.6992251,0,0,0,0,0,0,BROOKLYN     ,1.26,
583,GREENE PLAYGROUND,-83.19256837,42.3612015,0,0,0,0,0,0,BROOKLYN     ,1.259,
584,TANAHEY PLAYGROUND,-73.99578551,40.7099996,0,0,0,0,0,0,MANHATTAN    ,1.254,
585,PARKSIDE PLAYGROUND BROOKLYN,-73.95433068,40.65660875,0,0,0,6,0,6,BROOKLYN     ,1.252,
586,PLAYGROUND NINETY,-73.87858154,40.7573284,0,0,0,0,0,0,QUEENS       ,1.25,
587,NEPTUNE PLAYGROUND,-89.66943102,36.1739032,0,0,0,0,0,0,BROOKLYN     ,1.243,
588,ANNUNCIATION PARK,-73.9522222,40.8183333,0,0,0,0,0,0,MANHATTAN    ,1.24,
589,HECKSCHER PLAYGROUND,-73.9182946,40.69512725,0,0,0,0,0,0,BROOKLYN     ,1.24,
590,GRASSMERE PLAYGROUND,-73.7590533,40.5994546,0,0,0,0,0,0,QUEENS       ,1.239,
591,GONZALO PLASENCIA PLAYGROUND,-74.0085348,40.6525726,0,0,0,0,0,0,BROOKLYN     ,1.236,
592,FRESH MEADOWS PARK,-73.78506601,40.7408872,0,0,0,0,0,0,QUEENS       ,1.23,
593,RIENZI PLAYGROUND,-73.8586111,40.8875,0,0,0,0,0,0,BRONX        ,1.23,
594,ROEBLING PLAYGROUND,-73.96194377,40.706288,0,0,0,0,0,0,BROOKLYN     ,1.23,
595,HOWARD BENNETT PLAYGROUND,-73.93863505,40.81363785,0,0,0,0,0,0,MANHATTAN    ,1.228,
596,STANLEY ISAACS PLAYGROUND,-73.94460284,40.78275795,0,0,0,0,0,0,MANHATTAN    ,1.227,
597,CHAPPETTO SQUARE,-73.92245306,40.775119,0,0,0,0,0,0,QUEENS       ,1.226,
598,BRIGHTON PLAYGROUND,-73.96540368,40.57509785,0,0,0,0,0,0,BROOKLYN     ,1.225,
599,NELSON PLAYGROUND,-75.13817294,39.9891992,0,0,0,0,0,0,BRONX        ,1.222,
600,ELEANOR ROOSEVELT PLAYGROUND,-73.93547685,40.6927943,0,0,0,0,0,0,BROOKLYN     ,1.211,
601,BAYVIEW PLAYGROUND,-73.88709926,40.6348931,0,0,0,0,0,0,BROOKLYN     ,1.21,
602,BAYSIDE PLAYGROUND,-73.825,40.585,0,0,0,0,0,0,QUEENS       ,1.21,
603,MURRAY HILL PLAYGROUND,-73.81182498,40.7616608,0,0,0,0,0,0,QUEENS       ,1.206,
604,FRANCIS LEWIS PLAYGROUND,-73.78410073,40.76047525,0,0,0,0,0,0,QUEENS       ,1.206,
605,MAGENTA PLAYGROUND,-73.8677778,40.8733333,0,0,0,0,0,0,BRONX        ,1.205,
606,TIFFANY PLAYGROUND,-73.8941667,40.825,0,0,0,0,0,0,BRONX        ,1.205,
607,MAURICE A FITZGERALD PLAYGROUND,-73.8397222,40.6902778,0,0,0,0,0,0,QUEENS       ,1.201,
608,HILTON HOLIDAY GARDENS,-73.79544505,40.6686029,0,0,0,0,0,0,QUEENS       ,1.2,
609,DANIEL BOONE PLAYGROUND,-73.88600683,40.8293496,0,0,0,0,0,0,BRONX        ,1.2,
610,KOREAN WAR VETERANS PLAZA,-73.99053826,40.69555685,0,0,0,0,0,0,BROOKLYN     ,1.195,
611,HATTIE CARTHAN PLAYGROUND,-73.94609772,40.6855815,0,0,0,0,0,0,BROOKLYN     ,1.195,
612,STROUD PLAYGROUND,-2.187686807,51.7069456,0,8,0,0,0,8,BROOKLYN     ,1.194,
613,TILDEN PLAYGROUND,-73.93144484,40.6477458,0,0,0,0,0,0,BROOKLYN     ,1.19,
614,UNDERWOOD PARK,-123.716966,39.8598739,0,0,0,0,0,0,BROOKLYN     ,1.187,
615,SOUTH OXFORD PARK,-73.97245965,40.68372685,0,0,0,0,0,0,BROOKLYN     ,1.187,
616,GROVE HILL PLAYGROUND,-73.90885815,40.81988405,0,0,0,0,0,0,BRONX        ,1.186,
617,LA GUARDIA PLAYGROUND,-73.95917293,40.7098383,0,0,0,0,0,0,BROOKLYN     ,1.179,
618,BELMONT PLAYGROUND BROOKLYN,-73.8627846,40.6754077,0,0,0,0,0,0,BROOKLYN     ,1.177,
619,STEUBEN PLAYGROUND,-73.9634778,40.6972222,0,0,0,0,0,0,BROOKLYN     ,1.171,
620,THE CYCLONE,90.7151413,22.5668005,0,0,0,0,0,0,BROOKLYN     ,1.17,
621,OAKLAND GARDENS,-73.765966,40.753991,0,0,0,0,0,0,QUEENS       ,1.166,
622,UNIVERSITY PLACE,-122.552067,47.2368034,0,0,4,0,0,4,BROOKLYN     ,1.161,
623,EHRENREICH-AUSTIN PLAYGROUND,-73.83663508,40.71531125,0,0,0,6,0,6,QUEENS       ,1.161,
624,HILLSIDE PARK QUEENS,-73.7127778,40.7408333,0,0,0,0,0,0,QUEENS       ,1.16,
625,CUYLER GORE PARK,-73.97191308,40.6855949,0,0,0,0,0,0,BROOKLYN     ,1.158,
626,BATH PLAYGROUND,-73.99327289,40.59464235,0,0,0,0,0,0,BROOKLYN     ,1.157,
627,POLICE OFFICER NICHOLAS DEMUTIIS PARK,-73.8392232,40.68162565,0,0,0,0,0,0,QUEENS       ,1.151,
628,"""UNCLE"" VITO E. MARANZANO GLENDALE PLAYGROUND",-73.88176086,40.704954,0,0,0,0,0,0,QUEENS       ,1.15,
629,RAPPAPORT PLAYGROUND,-74.00060247,40.6368047,0,0,0,0,0,0,BROOKLYN     ,1.148,
630,EAST SPRINGFIELD PLAYGROUND,-73.73989423,40.69850475,0,0,0,0,0,0,QUEENS       ,1.146,
631,WILLETS POINT PLAYGROUND,-73.79654331,40.7838361,0,0,0,0,0,0,QUEENS       ,1.145,
632,SEASIDE PLAYGROUND,-73.8311111,40.5802778,0,0,0,0,9,9,QUEENS       ,1.144,
633,CORPORAL JOHN A. SERAVALLI PLAYGROUND,-74.00480494,40.73903715,0,0,0,0,0,0,MANHATTAN    ,1.143,
634,POPPENHUSEN PLAYGROUND,-73.84459192,40.78126535,0,0,0,0,0,0,QUEENS       ,1.14,
635,SOBEL COURT PARK,-74.08378431,40.614976,0,0,0,0,0,0,STATEN ISLAND,1.137,
636,WESTBOURNE PLAYGROUND,-73.76501778,40.6085779,0,0,0,0,0,0,QUEENS       ,1.13,
637,FIDLER-WYCKOFF HOUSE PARK,-73.92083697,40.64424255,0,0,0,0,0,0,BROOKLYN     ,1.13,
638,PRESCOTT PLAYGROUND,-75.5198765,44.70465135,0,0,0,0,0,0,STATEN ISLAND,1.124,
639,LOPEZ PLAYGROUND,120.6108126,16.4188435,0,0,0,0,0,0,STATEN ISLAND,1.115,
640,HUGH J. GRANT CIRCLE,-73.8608514,40.8335969,0,0,0,0,0,0,BRONX        ,1.11,
641,PENA HERRERA PARK,-74.01195536,40.64929045,0,0,0,0,0,0,BROOKLYN     ,1.107,
642,MENTONE PLAYGROUND,-73.74279572,40.66624465,10,0,0,0,0,10,QUEENS       ,1.102,
643,MIDDLETON PLAYGROUND,-73.9554143,40.70068215,0,0,0,0,0,0,BROOKLYN     ,1.101,
644,DE HOSTOS PLAYGROUND,-73.9494444,40.7025,0,0,0,0,0,0,BROOKLYN     ,1.1,
645,SARATOGA BALLFIELDS,-73.9147222,40.6752778,0,0,0,0,0,0,BROOKLYN     ,1.095,
646,ROBERT MOSES PLAYGROUND,-73.96969965,40.74811495,0,0,0,0,0,0,MANHATTAN    ,1.093,
647,STOCKTON PLAYGROUND,-73.94875799,40.69741415,0,0,0,0,0,0,BROOKLYN     ,1.089,
648,JACOB'S LADDER PLAYGROUND,-73.9670301,40.7049071,0,0,0,0,0,0,BROOKLYN     ,1.085,
649,LOUIS ARMSTRONG PLAYGROUND,-73.85541188,40.7547862,0,0,0,0,0,0,QUEENS       ,1.085,
650,LATIMER PLAYGROUND,-73.7861757,40.69652295,0,0,0,0,0,0,QUEENS       ,1.076,
651,MARLBORO PLAYGROUND,-73.98090026,40.59138465,0,0,0,0,0,0,BROOKLYN     ,1.072,
652,NORTH ROCHDALE PLAYGROUND,-73.77515087,40.6798574,0,0,0,0,0,0,QUEENS       ,1.071,
653,JEROME PLAYGROUND,-73.8796559,40.6589486,0,0,0,0,0,0,BROOKLYN     ,1.068,
654,FERMI PLAYGROUND,-73.92840169,40.700598,0,0,0,12,0,12,BROOKLYN     ,1.061,
655,ERICSSON PLAYGROUND,-73.9485699,40.7207857,0,0,0,0,0,0,BROOKLYN     ,1.06,
656,TELEPHONE PLAYGROUND,-73.75656931,40.738439,0,0,0,0,0,0,QUEENS       ,1.056,
657,MELLETT PLAYGROUND,-73.9574662,40.5969532,0,0,0,0,0,0,BROOKLYN     ,1.056,
658,SEDGWICK PLAYGROUND,-73.9234276,40.8457076,0,0,0,0,0,0,BRONX        ,1.054,
659,BRUCKNER PLAYGROUND,-73.8286111,40.8266667,0,0,0,0,0,0,BRONX        ,1.053,
660,MILLBROOK PLAYGROUND,-72.61910464,41.73624935,0,0,0,0,0,0,BRONX        ,1.053,
661,ROCKET PARK,-73.84627496,40.6707207,0,0,0,0,0,0,QUEENS       ,1.052,
662,BEACH CHANNEL PLAYGROUND,-73.8058333,40.5888889,0,0,0,0,0,0,QUEENS       ,1.051,
663,LOZADA PLAYGROUND,-73.92499424,40.80795435,0,0,0,0,0,0,BRONX        ,1.05,
664,JAMES WELDON JOHNSON PLAYGROUND,-73.94183252,40.79714465,0,0,0,0,0,0,MANHATTAN    ,1.048,
665,SPRINGFIELD PARK NORTH,-1.56396566,55.02037,0,0,0,0,0,0,QUEENS       ,1.045,
666,NICHOLAS NAQUAN HEYWARD JR. PARK,-73.98786515,40.68456655,0,0,0,0,0,0,BROOKLYN     ,1.041,
667,PLANEVIEW PARK,-73.88362688,40.76783775,0,0,0,0,0,0,QUEENS       ,1.035,
668,FISH PLAYGROUND,-73.9152778,40.6783333,0,0,0,0,0,0,BROOKLYN     ,1.035,
669,GILBERT RAMIREZ PARK,-73.9344335,40.70606415,0,0,0,0,0,0,BROOKLYN     ,1.034,
670,OXPORT PLAYGROUND,-73.9763308,40.69736095,0,0,0,0,0,0,BROOKLYN     ,1.033,
671,WOODTREE PLAYGROUND,-73.90237146,40.7775265,0,0,0,0,0,0,QUEENS       ,1.033,
672,VAN ALST PLAYGROUND,-73.92844493,40.77060875,0,0,0,0,9,9,QUEENS       ,1.033,
673,HAMMEL PLAYGROUND,-73.80936374,40.58823735,0,0,0,0,0,0,QUEENS       ,1.03,
674,EASTCHESTER PLAYGROUND,-73.85280874,40.869844,0,0,0,0,0,0,BRONX        ,1.025,
675,SUNRISE PLAYGROUND,-73.7365475,40.65268975,0,8,0,0,0,8,QUEENS       ,1.025,
676,POWELL PLAYGROUND,-73.90480089,40.6711936,0,0,0,0,0,0,BROOKLYN     ,1.024,
677,KALTENMEIER PLAYGROUND,-74.0684885,40.61468105,0,0,0,0,0,0,STATEN ISLAND,1.02,
678,MATTHEWS MULINER PLAYGROUND,-73.8613889,40.8469444,0,0,0,0,0,0,BRONX        ,1.02,
679,BOWLING GREEN,-86.4436018,36.9903199,0,0,0,0,0,0,MANHATTAN    ,1.016,
680,ANNADALE PLAYGROUND,-73.85181332,40.7311551,0,0,0,0,0,0,QUEENS       ,1.013,
681,CURTIS PLAYGROUND,-122.2878748,37.88755725,0,0,0,0,0,0,BROOKLYN     ,1.003,
682,MELROSE PLAYGROUND,-71.07902356,42.45639835,0,0,0,0,0,0,BRONX        ,1.001,
683,PLAYGROUND 174,-73.87778086,40.8343397,0,0,0,0,0,0,BRONX        ,1,
684,HOWARD PLAYGROUND,-73.9083333,40.6716667,0,0,0,0,0,0,BROOKLYN     ,1,
685,CHESTER PLAYGROUND,-73.91197256,40.66881785,0,0,0,0,6,6,BROOKLYN     ,1,
686,JACKIE ROBINSON PLAYGROUND,-73.95922461,40.6657869,0,0,0,0,0,0,BROOKLYN     ,1,
687,BLAKE HOBBS PLAYGROUND,-73.94397433,40.789107,0,0,0,0,0,0,MANHATTAN    ,1,
688,PLIMPTON PLAYGROUND,-73.92248077,40.84373935,0,0,0,0,0,0,BRONX        ,1,
689,CASERTA PLAYGROUND,14.19174126,40.972543,0,0,0,0,0,0,BRONX        ,1,
690,HACKETT PARK,-75.2417114,40.6968225,0,0,0,0,0,0,BRONX        ,1,
691,RANDALL PLAYGROUND,-73.84955801,40.81954455,0,0,0,0,0,0,BRONX        ,1,
692,PINK PLAYGROUND,-73.8627778,40.6666667,0,0,0,0,0,0,BROOKLYN     ,1,
693,MARTIN LUTHER KING PLAYGROUND,-73.95038251,40.8002119,0,0,0,0,0,0,MANHATTAN    ,1,
694,MONSIGNOR KETT PLAYGROUND,-73.92094438,40.8625034,0,0,0,0,0,0,MANHATTAN    ,1,
695,RUPPERT PARK,-73.95014845,40.780956,0,0,0,0,0,0,MANHATTAN    ,0.997,
696,BELLEROSE PLAYGROUND,-73.7177778,40.7327778,0,0,0,0,0,0,QUEENS       ,0.996,
697,ARVERNE PLAYGROUND,-73.78519242,40.59286755,0,0,0,0,0,0,QUEENS       ,0.993,
698,ABRAHAM LINCOLN PLAYGROUND,-73.93715172,40.81219815,0,0,0,0,0,0,MANHATTAN    ,0.991,
699,CAPTAIN RIVERA PLAYGROUND,-73.9066667,40.8180556,0,0,0,0,0,0,BRONX        ,0.988,
700,NEWTOWN BARGE PLAYGROUND,-73.96024729,40.7358872,0,0,0,0,0,0,BROOKLYN     ,0.983,
701,HOLLIS PLAYGROUND,-71.00370906,42.21582135,0,0,0,0,0,0,QUEENS       ,0.98,
702,MAPLE PLAYGROUND,-73.82618664,40.7558253,0,0,0,0,0,0,QUEENS       ,0.978,
703,GOUVERNEUR PLAYGROUND,-73.90350934,40.83581685,0,0,0,0,0,0,BRONX        ,0.977,
704,MOTT PLAYGROUND,-73.91460715,40.8315099,0,8,0,0,0,8,BRONX        ,0.977,
705,RANAQUA PARK,-73.92234563,40.80675145,0,0,0,0,0,0,BRONX        ,0.972,
706,MAE GRANT PLAYGROUND,-73.94938252,40.79250095,0,0,0,0,0,0,MANHATTAN    ,0.97,
707,ANDRIES PLAYGROUND,-73.94643425,40.6226389,0,0,0,0,0,0,BROOKLYN     ,0.964,
708,CARVER PLAYGROUND,-73.92058049,40.6803026,0,0,0,0,0,0,BROOKLYN     ,0.964,
709,PARK SLOPE PLAYGROUND,-73.97866648,40.67681715,0,0,0,0,0,0,BROOKLYN     ,0.955,
710,CHERRY TREE PARK,-73.94719502,40.7872495,0,0,0,0,0,0,MANHATTAN    ,0.95,
711,DAVIS PLAYGROUND,-74.08569812,40.6423076,0,0,0,0,0,0,STATEN ISLAND,0.949,
712,PETER MINUIT PLAYGROUND,-73.94726456,40.79472575,0,0,0,0,0,0,MANHATTAN    ,0.943,
713,SOUTH ROCHDALE PLAYGROUND,-73.7692786,40.67391715,0,0,0,0,0,0,QUEENS       ,0.942,
714,DREW PLAYGROUND,-73.9033216,40.8331866,0,0,0,0,0,0,BRONX        ,0.94,
715,FOX PLAYGROUND BRONX,-73.89870668,40.81484675,0,0,0,0,0,0,BRONX        ,0.94,
716,WALTER WARD PLAYGROUND,-73.84367222,40.65764335,0,0,0,0,0,0,QUEENS       ,0.935,
717,CRISPUS ATTUCKS PLAYGROUND,-73.95910591,40.68153625,0,0,0,0,0,0,BROOKLYN     ,0.934,
718,BENSON PLAYGROUND,-74.00218243,40.60242635,0,0,0,0,0,0,BROOKLYN     ,0.934,
719,SURF PLAYGROUND,144.3052078,-38.34386205,0,0,0,0,0,0,BROOKLYN     ,0.933,
720,BERGEN BEACH PLAYGROUND,-73.90959131,40.62240075,0,0,0,0,0,0,BROOKLYN     ,0.927,
721,TIGER PLAYGROUND,-73.91098924,40.6882557,0,0,0,0,0,0,BROOKLYN     ,0.926,
722,ATHENS SQUARE,-73.92220972,40.7678139,0,0,0,0,0,0,QUEENS       ,0.925,
723,P.S. 279 PLAYGROUND,-71.4300407,43.7222657,0,0,0,0,0,0,BROOKLYN     ,0.92,
724,ROCK GARDEN PARK,-73.88525479,40.8353412,5,0,0,0,0,5,BRONX        ,0.92,
725,SAW MILL PLAYGROUND,-73.91937677,40.8089229,0,0,0,0,0,0,BRONX        ,0.92,
726,LIVONIA PARK,-91.551566,30.56814,0,0,0,0,0,0,BROOKLYN     ,0.918,
727,HOUSTON PLAYGROUND,-73.90507545,40.6722128,0,0,0,0,0,0,BROOKLYN     ,0.918,
728,BARTLETT PLAYGROUND,-73.9461111,40.7008333,0,0,0,0,0,0,BROOKLYN     ,0.918,
729,WHITE PLAYGROUND STATEN ISLAND,-74.06312194,40.60757085,0,0,0,0,0,0,STATEN ISLAND,0.918,
730,BOERUM PARK,-73.99015884,40.6846705,0,0,0,0,0,0,BROOKLYN     ,0.918,
731,NEWPORT PLAYGROUND,-73.90703452,40.66086495,0,0,0,0,0,0,BROOKLYN     ,0.918,
732,DITMARS PARK,-73.90710835,40.77158165,0,0,0,0,9,9,QUEENS       ,0.918,
733,PRATT PLAYGROUND,-73.9624999,40.69263795,0,0,0,0,0,0,BROOKLYN     ,0.918,
734,CARTER G. WOODSON CHILDREN'S PARK,-73.90583555,40.6684637,0,0,0,0,0,0,BROOKLYN     ,0.918,
735,VIRGINIA PARK,-113.452312,53.5614392,0,0,0,0,0,0,BRONX        ,0.918,
736,ALBEMARLE PLAYGROUND,-73.98058084,40.645925,0,0,0,0,0,0,BROOKLYN     ,0.918,
737,EDMONDS PLAYGROUND,-73.97157199,40.68921225,0,0,0,0,0,0,BROOKLYN     ,0.917,
738,GARDEN PLAYGROUND,-73.9384221,40.7011218,0,0,0,0,0,0,BROOKLYN     ,0.915,
739,MARTIN LUTHER PLAYGROUND,-74.0197359,40.64577615,0,0,0,0,0,0,BROOKLYN     ,0.913,
740,PONTIAC PLAYGROUND,-73.90824781,40.8142235,0,0,0,0,0,0,BRONX        ,0.913,
741,AESOP PARK,-74.22987023,40.5095654,0,0,0,0,0,0,STATEN ISLAND,0.912,
742,SLATTERY PLAYGROUND,-73.89848511,40.8573393,0,0,8,0,0,8,BRONX        ,0.911,
743,BAY TERRACE PLAYGROUND,-73.7776007,40.78241135,0,0,0,0,0,0,QUEENS       ,0.91,
744,WILLOUGHBY PLAYGROUND,-73.94676099,40.6944318,0,0,0,0,0,0,BROOKLYN     ,0.907,
745,ESTELLA DIGGS PARK,-73.90617605,40.82898905,0,0,0,0,0,0,BRONX        ,0.903,
746,WASHINGTON HALL PARK,-73.96677662,40.6953484,0,0,0,0,0,0,BROOKLYN     ,0.901,
747,STARR PLAYGROUND,-73.91780359,40.70978505,0,0,0,0,0,0,QUEENS       ,0.9,
748,AMERICAN PLAYGROUND,-73.95791731,40.72889075,0,0,0,0,0,0,BROOKLYN     ,0.896,
749,ARROCHAR PLAYGROUND,-74.07086563,40.5977548,0,0,0,0,0,0,STATEN ISLAND,0.892,
750,EL SHABAZZ PLAYGROUND,-73.9311111,40.6827778,0,0,0,0,0,0,BROOKLYN     ,0.89,
751,PINOCCHIO PLAYGROUND,-73.87530942,40.70572995,0,0,0,0,0,0,QUEENS       ,0.888,
752,ALICE KORNEGAY TRIANGLE,-73.93534236,40.8064117,0,0,0,0,0,0,MANHATTAN    ,0.883,
753,PETER'S FIELD,-7.096451055,52.5880881,0,0,0,0,0,0,MANHATTAN    ,0.882,
754,BEDFORD PLAYGROUND,-73.96383165,40.70832015,0,0,0,0,0,0,BROOKLYN     ,0.881,
755,HAROLD SCHNEIDERMAN PLAYGROUND,-73.8502778,40.6647222,0,0,0,12,0,12,QUEENS       ,0.878,
756,WAKEFIELD PLAYGROUND,-73.8541667,40.9022222,0,0,0,0,0,0,BRONX        ,0.877,
757,QUEENS VALLEY PLAYGROUND,-73.82367154,40.72187035,0,0,0,0,0,0,QUEENS       ,0.876,
758,LT. JOSEPH PETROSINO PARK,-73.99852139,40.6190741,0,0,4,0,0,4,BROOKLYN     ,0.871,
759,EVERGREEN PLAYGROUND,-73.9107597,40.6861273,0,0,0,0,0,0,BROOKLYN     ,0.87,
760,PLAYGROUND 286,-73.93839324,40.59094865,0,0,0,0,0,0,BROOKLYN     ,0.868,
761,BARRIER PLAYGROUND,-73.85502648,40.7362095,0,0,0,0,0,0,QUEENS       ,0.867,
762,LION'S PRIDE PLAYGROUND,-75.17763807,40.2468091,0,0,0,0,0,0,BROOKLYN     ,0.865,
763,NATHAN STRAUS PLAYGROUND,-73.98416261,40.7193274,0,0,0,0,0,0,MANHATTAN    ,0.851,
764,SOL BLOOM PLAYGROUND,-73.9689095,40.7897306,0,0,0,0,0,0,MANHATTAN    ,0.837,
765,P.S. 155 PLAYGROUND,-73.9354586,40.79732275,0,0,0,0,0,0,MANHATTAN    ,0.834,
766,STEBBINS PLAYGROUND,-73.8986111,40.8227778,0,0,0,0,0,0,BRONX        ,0.83,
767,OPEN ROAD PARK,-73.98288222,40.72938305,0,0,0,0,0,0,MANHATTAN    ,0.828,
768,FLYNN PLAYGROUND,149.0451946,-35.2102196,0,0,0,0,0,0,BRONX        ,0.82,
769,FISHER POOL,-73.86937969,40.7588878,0,0,0,0,0,0,QUEENS       ,0.817,
770,PARKSIDE PLAYGROUND BRONX,-73.8677778,40.8683333,0,0,0,0,0,0,BRONX        ,0.817,
771,ALEXANDER HAMILTON PLAYGROUND,-73.9512221,40.82309255,0,0,0,0,0,0,MANHATTAN    ,0.811,
772,WEST FARMS RAPIDS,-73.87786355,40.8411283,0,0,0,0,0,0,BRONX        ,0.81,
773,BELLAIRE PLAYGROUND,-73.75802593,40.7217256,0,0,0,0,0,0,QUEENS       ,0.809,
774,STEINWAY PLAYGROUND,-73.90344795,40.7764642,0,0,0,0,0,0,QUEENS       ,0.809,
775,ETHAN ALLEN PLAYGROUND,-73.88697706,40.65563475,0,0,0,0,0,0,BROOKLYN     ,0.8,
776,KENNEDY KING PLAYGROUND,-73.9222222,40.6583333,0,0,0,0,0,0,BROOKLYN     ,0.79,
777,EUGENE MCCABE FIELD,-73.94158655,40.80242665,0,0,0,0,0,0,MANHATTAN    ,0.789,
778,VLADECK PARK,-73.9820517,40.7123949,0,0,0,0,0,0,MANHATTAN    ,0.789,
779,SAMUEL SEABURY PLAYGROUND,-73.9508,40.7856,0,0,2,0,0,2,MANHATTAN    ,0.786,
780,SPIRIT PLAYGROUND,-73.94138776,40.76125585,0,0,0,0,0,0,QUEENS       ,0.786,
781,MORGAN PLAYGROUND,-73.90751484,40.8321557,0,0,0,0,0,0,BRONX        ,0.782,
782,MOORE PLAYGROUND,-73.93850095,40.80940365,0,0,0,15,0,15,MANHATTAN    ,0.766,
783,FIRST PARK,-73.98921215,40.72338385,0,0,0,0,0,0,MANHATTAN    ,0.763,
784,SGT. WILLIAM DOUGHERTY PLAYGROUND,-73.93671087,40.72370165,0,0,0,0,0,0,BROOKLYN     ,0.76,
785,ADMIRAL PARK,121.0019251,14.44551825,0,0,0,0,15,15,QUEENS       ,0.759,
786,JAIME CAMPIZ PLAYGROUND,-73.95453989,40.71331995,0,0,0,0,0,0,BROOKLYN     ,0.752,
787,SAMUEL N. BENNERSON 2ND PLAYGROUND,-73.98697587,40.7738043,0,0,0,0,0,0,MANHATTAN    ,0.749,
788,PLAYGROUND SEVENTY FIVE,-73.80815294,40.726382,0,0,0,0,0,0,QUEENS       ,0.749,
789,WEBSTER PLAYGROUND,-93.13007229,44.9443573,0,0,0,0,0,0,BRONX        ,0.744,
790,FROST PLAYGROUND,-73.93901365,40.71872645,0,0,0,0,0,0,BROOKLYN     ,0.739,
791,TECUMSEH PLAYGROUND,-73.97857156,40.7818185,0,0,0,0,0,0,MANHATTAN    ,0.738,
792,RAILROAD PARK BRONX,-73.91542826,40.8250831,0,0,0,0,0,0,BRONX        ,0.732,
793,NATHAN WEIDENBAUM PARK,-73.90225886,40.73813705,0,0,0,0,0,0,QUEENS       ,0.732,
794,BLUEBERRY PARK,-74.16028238,40.5284416,0,0,0,0,0,0,STATEN ISLAND,0.724,
795,CLARK PLAYGROUND,-73.92133178,40.8136854,0,0,0,0,0,0,BRONX        ,0.722,
796,HUNTS POINT PLAYGROUND,-73.8861111,40.8141667,0,0,0,0,0,0,BRONX        ,0.717,
797,GUN HILL PLAYGROUND,-73.86550403,40.87469775,0,0,0,0,0,0,BRONX        ,0.716,
798,BLOOMINGDALE PLAYGROUND,-73.9661994,40.799217,0,0,0,0,0,0,MANHATTAN    ,0.715,
799,I-AM-PARK,-73.9100896,40.8112632,0,0,0,0,0,0,BRONX        ,0.712,
800,LINWOOD PLAYGROUND,-73.8802778,40.6661111,0,0,0,0,0,0,BROOKLYN     ,0.705,
801,LAFAYETTE GARDENS PLAYGROUND,-73.95753762,40.68978225,0,0,0,0,0,0,BROOKLYN     ,0.705,
802,ORACLE PLAYGROUND,-73.9714435,40.6937186,0,0,0,0,0,0,BROOKLYN     ,0.703,
803,NEWTOWN PLAYGROUND,-73.86950655,40.73636525,0,0,0,0,0,0,QUEENS       ,0.703,
804,MOUNT HOPE PLAYGROUND,-73.77152708,42.6313964,0,0,0,0,0,0,BRONX        ,0.7,
805,GARRISON PLAYGROUND,-97.8005483,30.2120236,0,0,0,0,0,0,BRONX        ,0.696,
806,GERTRUDE EDERLE RECREATION CENTER,-73.98874382,40.7714567,0,0,0,0,0,0,MANHATTAN    ,0.69,
807,FRED SAMUEL PLAYGROUND,-73.93922034,40.8171615,0,0,0,0,0,0,MANHATTAN    ,0.688,
808,AUBURNDALE PLAYGROUND,-73.79450096,40.7658009,0,0,0,0,0,0,QUEENS       ,0.686,
809,WHITE PLAYGROUND MANHATTAN,-73.94587506,40.7916291,0,0,0,0,0,0,MANHATTAN    ,0.684,
810,DAWSON PLAYGROUND,-73.89841332,40.81964345,0,0,0,0,0,0,BRONX        ,0.681,
811,LILLIAN D WALD PLAYGROUND,-73.97687422,40.71969155,0,0,0,0,0,0,MANHATTAN    ,0.68,
812,HOWARD POOL,-73.908964,40.6727854,0,0,0,0,0,0,BROOKLYN     ,0.67,
813,RIVER AVENUE PARKS,-115.1463953,36.2796106,0,0,0,0,0,0,BRONX        ,0.67,
814,CANAL PARK,-81.52217765,41.07815155,0,0,0,0,0,0,MANHATTAN    ,0.669,
815,RIVERBEND PLAYGROUND,-73.9055556,40.8725,0,0,0,0,0,0,BRONX        ,0.661,
816,COLLEGE POINT PARK,-73.84647997,40.7856253,0,0,0,0,0,0,QUEENS       ,0.659,
817,THE PEARLY GATES,-90.0371261,35.1790153,0,0,0,0,0,0,BRONX        ,0.659,
818,AUDUBON PLAYGROUND,-73.93801478,40.8416219,10,0,0,0,0,10,MANHATTAN    ,0.656,
819,COURTNEY CALLENDER PLAYGROUND,-73.94011556,40.8100322,0,0,0,0,0,0,MANHATTAN    ,0.653,
820,BRIZZI PLAYGROUND,-73.9946277,40.642553,0,0,0,0,0,0,BROOKLYN     ,0.649,
821,AUGUSTUS ST. GAUDENS PLAYGROUND,-73.98220729,40.73554415,0,0,0,0,0,0,MANHATTAN    ,0.642,
822,VESUVIO PLAYGROUND,-74.00257375,40.72542055,0,0,0,0,0,0,MANHATTAN    ,0.635,
823,VETERANS GROVE,-73.87775687,40.7425153,0,0,0,0,0,0,QUEENS       ,0.626,
824,SQUIBB PARK,-73.9955377,40.7009133,0,0,0,0,0,0,BROOKLYN     ,0.626,
825,ELTON PLAYGROUND,-73.8805556,40.6658333,0,0,0,0,0,0,BROOKLYN     ,0.622,
826,CEDAR GROVE PLAYGROUND,-73.82449995,40.736112,0,0,0,0,0,0,QUEENS       ,0.619,
827,CLEOPATRA PLAYGROUND,-73.90418312,40.8454135,0,0,0,0,0,0,BRONX        ,0.618,
828,BEACH 59TH ST PLAYGROUND,-73.78902564,40.58908135,0,0,0,0,0,0,QUEENS       ,0.618,
829,HALF-NELSON PLAYGROUND,-73.91929574,40.8468095,0,0,0,0,0,0,BRONX        ,0.61,
830,HENRY M. JACKSON PLAYGROUND,-73.98149659,40.71398055,0,0,0,0,0,0,MANHATTAN    ,0.61,
831,BRIDGE PLAYGROUND,-73.92412512,40.8442464,0,0,0,0,0,0,BRONX        ,0.61,
832,DR. RONALD E. MCNAIR PLAYGROUND,-73.93810457,40.80254535,0,0,0,0,0,0,MANHATTAN    ,0.603,
833,PENN SOUTH PLAYGROUND,-73.99854031,40.74749375,0,0,0,0,0,0,MANHATTAN    ,0.6,
834,O'NEILL TRIANGLE,-73.91137011,40.8236252,0,0,0,0,0,0,BRONX        ,0.593,
835,GEORGE WALKER JR. PARK,-76.9092313,38.8914679,0,16,0,0,0,16,BROOKLYN     ,0.591,
836,UNDERHILL PLAYGROUND,-73.96571638,40.67665845,0,0,0,0,0,0,BROOKLYN     ,0.59,
837,PETER DETMOLD PARK,-73.96365961,40.75365635,0,0,0,0,0,0,MANHATTAN    ,0.588,
838,COBBLE HILL PARK,-73.99601811,40.68822675,0,0,0,0,0,0,BROOKLYN     ,0.585,
839,SEAN'S PLACE,-73.91834496,40.76078045,0,0,0,0,0,0,QUEENS       ,0.582,
840,MERCER PLAYGROUND,-73.99630608,40.72761145,0,0,0,0,0,0,MANHATTAN    ,0.582,
841,HARVARD PLAYGROUND,-118.3045907,33.9839274,0,0,0,0,0,0,QUEENS       ,0.581,
842,HELL'S KITCHEN PARK,-1.461640023,53.37110875,0,0,0,0,0,0,MANHATTAN    ,0.576,
843,RORY STAUNTON FIELD,-73.88841606,40.7540164,0,0,0,0,0,0,QUEENS       ,0.574,
844,BENNINGER PLAYGROUND,-73.89827931,40.70706185,0,0,0,0,0,0,QUEENS       ,0.574,
845,CARMANSVILLE PLAYGROUND,-73.94426027,40.82918625,0,0,0,0,0,0,MANHATTAN    ,0.573,
846,SIXTEEN SYCAMORES PLAYGROUND,-73.98088905,40.68676605,0,0,0,0,0,0,BROOKLYN     ,0.567,
847,GALAPO PLAYGROUND,-73.94657495,40.59816905,0,0,0,0,0,0,BROOKLYN     ,0.565,
848,MCKINLEY PLAYGROUND,-73.98578446,40.72423975,0,0,0,0,0,0,MANHATTAN    ,0.563,
849,ENNIS PLAYGROUND,-73.99375771,40.6707417,0,0,0,0,0,0,BROOKLYN     ,0.554,
850,GUTENBERG PLAYGROUND,-73.9902521,40.76349975,0,0,0,0,0,0,MANHATTAN    ,0.551,
851,BLAND PLAYGROUND,-73.8311346,40.75826905,0,0,0,0,0,0,QUEENS       ,0.551,
852,LITTLE CLAREMONT PARK,-3.044929968,53.83062635,0,0,0,0,0,0,BRONX        ,0.549,
853,JUNCTION PLAYGROUND,-73.8721579,40.75469105,0,0,0,0,0,0,QUEENS       ,0.54,
854,WOODRUFF PLAYGROUND,-73.8661273,40.6654457,0,0,0,0,0,0,BROOKLYN     ,0.536,
855,ABIGAIL PLAYGROUND,-73.9047222,40.8175,0,0,0,0,0,0,BRONX        ,0.529,
856,DR. GERTRUDE B. KELLY PLAYGROUND,-74.00205289,40.7415977,20,0,0,0,0,20,MANHATTAN    ,0.525,
857,WALD PLAYGROUND,-73.97687422,40.71969155,0,0,0,0,0,0,MANHATTAN    ,0.525,
858,ANDREWS GROVE,-1.3421103,53.6451043,0,0,0,0,0,0,QUEENS       ,0.518,
859,ANIBAL AVILES PLAYGROUND,-73.96279832,40.8011473,0,0,0,0,0,0,MANHATTAN    ,0.517,
860,WASHINGTON PARK BRONX,-73.89366992,40.85576005,0,0,0,0,0,0,BRONX        ,0.516,
861,PAT WILLIAMS PLAYGROUND,-73.72954159,40.7129836,0,0,0,0,0,0,QUEENS       ,0.514,
862,GREENPOINT PLAYGROUND,-73.95893422,40.7358288,0,0,0,0,0,0,BROOKLYN     ,0.504,
863,PIERREPONT PLAYGROUND,-73.99752645,40.6962199,0,0,0,9,0,9,BROOKLYN     ,0.503,
864,EPIPHANY PLAYGROUND,-73.96552467,40.70863905,0,0,0,0,0,0,BROOKLYN     ,0.5,
865,JOHN ADAMS PLAYGROUND,-73.8355059,40.677273,0,0,0,0,0,0,QUEENS       ,0.494,
866,LEVY PLAYGROUND,-74.12892498,40.63391285,0,0,0,0,0,0,STATEN ISLAND,0.49,
867,CLEMENT CLARKE MOORE PARK,-74.00426973,40.7466092,0,0,0,0,0,0,MANHATTAN    ,0.489,
868,CHARLTON GARDEN,-73.9068031,40.8251006,0,0,0,0,0,0,BRONX        ,0.488,
869,THOMAS J. CUITE PARK,-73.97872611,40.65427205,0,0,0,0,0,0,BROOKLYN     ,0.487,
870,CHERRY CLINTON PLAYGROUND,-73.98632097,40.71128825,0,0,0,0,0,0,MANHATTAN    ,0.483,
871,TURTLE PLAYGROUND,-73.82754169,40.74220845,0,0,0,0,0,0,QUEENS       ,0.476,
872,MILESTONE PARK,-87.3071639,30.5388806,0,0,0,0,3,3,BROOKLYN     ,0.476,
873,MATTHEWS - PALMER PLAYGROUND,-73.99277652,40.761339,0,0,0,0,0,0,MANHATTAN    ,0.475,
874,FAIRMOUNT PLAYGROUND,-73.8897222,40.8427778,0,0,0,0,0,0,BRONX        ,0.47,
875,MOTHER CABRINI PARK,-74.16353098,40.73385745,0,0,0,0,0,0,BROOKLYN     ,0.467,
876,VIRGINIA PLAYGROUND,-73.86205273,40.83413115,0,0,0,0,0,0,BRONX        ,0.461,
877,RAINBOW PLAYGROUND,-74.01107275,40.64054675,0,0,0,0,0,0,BROOKLYN     ,0.46,
878,TRIBOROUGH BRIDGE PLAYGROUND E,-73.92085901,40.77299285,0,0,0,0,0,0,QUEENS       ,0.46,
879,TRIBOROUGH BRIDGE PLAYGROUND C,-73.92222432,40.7739427,0,12,0,3,0,15,QUEENS       ,0.46,
880,TRIBOROUGH BRIDGE PLAYGROUND D,-73.9215639,40.77347975,0,0,0,0,0,0,QUEENS       ,0.46,
881,TEN EYCK PLAZA,-73.75258837,42.6505911,0,0,0,0,0,0,BROOKLYN     ,0.46,
882,UNDERBRIDGE DOG RUN,-73.84514057,40.7337695,0,0,0,0,0,0,QUEENS       ,0.457,
883,MIDDLE VILLAGE PLAYGROUND,-73.87362532,40.7101076,0,0,0,0,0,0,QUEENS       ,0.448,
884,YAK PLAYGROUND,-73.93605982,40.59231165,0,0,0,0,0,0,BROOKLYN     ,0.444,
885,BUTTERFLY GARDENS,-1.479711165,52.9411637,0,0,0,0,0,0,BROOKLYN     ,0.442,
886,HAVEMEYER PLAYGROUND,-73.8477778,40.8297222,0,0,0,0,0,0,BRONX        ,0.442,
887,PLAYGROUND ONE,-73.99739806,40.7122614,0,0,6,0,0,6,MANHATTAN    ,0.44,
888,GARIBALDI PLAYGROUND,-74.00015488,40.6090201,0,0,0,0,0,0,BROOKLYN     ,0.437,
889,MCCAFFREY PLAYGROUND,-73.99124278,40.75896445,0,0,0,0,0,0,MANHATTAN    ,0.436,
890,MORRIS GARDEN,-73.90395985,40.8546916,0,0,0,0,0,0,BRONX        ,0.436,
891,ADMIRAL TRIANGLE,-74.00104149,40.676822,0,0,0,0,0,0,BROOKLYN     ,0.433,
892,HORSESHOE PLAYGROUND,-79.47053336,43.6669622,0,0,0,0,0,0,BRONX        ,0.432,
893,HUNTS POINT RIVERSIDE PARK,-73.88153512,40.817682,0,0,0,0,0,0,BRONX        ,0.426,
894,TOMPKINSVILLE PARK,-74.07639067,40.637216,0,0,0,0,0,0,STATEN ISLAND,0.424,
895,WEST 4TH STREET COURTS,-103.8008958,50.7684343,0,0,0,0,0,0,MANHATTAN    ,0.42,
896,MOSHOLU PLAYGROUND,-73.8827778,40.8722222,0,0,0,0,0,0,BRONX        ,0.412,
897,LIOTTI IKEFUGI PLAYGROUND,-74.08382668,40.6387907,0,0,0,0,0,0,STATEN ISLAND,0.408,
898,JOSEPH C. SAUER PARK,-73.97971955,40.7281547,0,0,0,0,0,0,MANHATTAN    ,0.403,
899,VAN NEST PARK,-74.60502985,40.3132289,0,0,0,0,0,0,BRONX        ,0.401,
900,JOSEPHINE CAMINITI PLAYGROUND,-73.86154487,40.743968,0,0,0,3,0,3,QUEENS       ,0.398,
901,RODNEY PARK SOUTH,-73.95722091,40.7076443,0,0,0,0,0,0,BROOKLYN     ,0.392,
902,CHELSEA RECREATION CENTER,-74.00221969,40.7482962,0,0,0,0,0,0,MANHATTAN    ,0.385,
903,IMAGINATION PLAYGROUND,-74.00408891,40.7061833,0,0,0,0,0,0,MANHATTAN    ,0.385,
904,HINES PARK,-90.4401641,45.9402314,0,0,0,0,0,0,BRONX        ,0.383,
905,GOBLE PLAYGROUND,-73.91700016,40.8437874,0,0,0,0,0,0,BRONX        ,0.381,
906,GRAND PLAYGROUND,3.0658708,50.635174,0,0,0,0,0,0,BRONX        ,0.381,
907,RODNEY PARK NORTH,-73.95636045,40.70909375,0,0,0,0,0,0,BROOKLYN     ,0.37,
908,MARCY PARK SOUTH,-73.95813561,40.7074711,0,0,0,0,0,0,BROOKLYN     ,0.357,
909,MCLAUGHLIN PLAYGROUND,-71.10271237,42.3283095,0,0,0,0,0,0,QUEENS       ,0.356,
910,BLEECKER PLAYGROUND,-74.0055016,40.7364971,0,0,0,0,0,0,MANHATTAN    ,0.356,
911,HARLEM ART PARK,-73.93880528,40.8010459,0,0,0,3,0,3,MANHATTAN    ,0.347,
912,VINCENT F. ALBANO JR. PLAYGROUND,-73.97838491,40.7419443,0,0,0,0,0,0,MANHATTAN    ,0.346,
913,WALTON PARK,-74.2290372,41.3098159,0,0,0,0,0,0,BRONX        ,0.344,
914,SUTTON PLACE PARK,-73.96,40.7572222,0,0,0,0,0,0,MANHATTAN    ,0.342,
915,MACARTHUR PARK,-118.2776964,34.0588418,0,0,0,0,0,0,MANHATTAN    ,0.329,
916,SLEDGE PLAYGROUND,-73.8977778,40.6380556,0,8,0,0,0,8,BROOKLYN     ,0.328,
917,FREEDOM SQUARE PLAYGROUND,-73.82033333,40.72338815,0,0,0,0,0,0,QUEENS       ,0.327,
918,BERRY PLAYGROUND,-73.96352455,40.7126616,0,0,0,0,0,0,BROOKLYN     ,0.327,
919,LONG ISLAND MEWS,-73.89014041,40.7361484,0,0,0,0,0,0,QUEENS       ,0.323,
920,BLACK ROCK PLAYGROUND,-73.8575344,40.828341,0,0,0,0,0,0,BRONX        ,0.322,
921,HOT SPOT TOT LOT,-73.95674898,40.63090375,15,0,0,0,0,15,BROOKLYN     ,0.322,
922,RODNEY PLAYGROUND SOUTH,-73.955933,40.7097413,0,0,0,0,0,0,BROOKLYN     ,0.319,
923,BRIDGE AND TUNNEL PARK,-73.95133847,40.741961,0,0,0,0,0,0,QUEENS       ,0.318,
924,STOP & GO PLAYGROUND,-73.8988889,40.845,0,0,0,0,0,0,BRONX        ,0.316,
925,MACLAUGHLIN PLAYGROUND,-73.90526659,40.8880694,0,0,0,0,0,0,BRONX        ,0.304,
926,HARRY CHAPIN PLAYGROUND,-73.99497621,40.70068165,0,0,0,0,0,0,BROOKLYN     ,0.3,
927,ANNADALE GREEN,-74.177686,40.54143775,0,0,0,0,0,0,STATEN ISLAND,0.3,
928,WEEKSVILLE PLAYGROUND,-73.9194852,40.6771601,0,6,0,0,0,6,BROOKLYN     ,0.295,
929,DODGER PLAYGROUND,-73.9523621,40.66485735,0,0,0,0,0,0,BROOKLYN     ,0.293,
930,RODNEY PLAYGROUND NORTH,-73.95499217,40.71107645,5,0,0,0,0,5,BROOKLYN     ,0.29,
931,ELIZABETH STROUD PLAYGROUND,-73.93110172,40.6796997,0,0,0,0,0,0,BROOKLYN     ,0.29,
932,HANSBOROUGH RECREATION CENTER,-73.93933176,40.81283485,0,0,0,0,0,0,MANHATTAN    ,0.29,
933,PLAYGROUND 115,-72.67732565,44.99334105,0,0,0,0,0,0,QUEENS       ,0.287,
934,JENNIE JEROME PLAYGROUND,-73.91337994,40.8455797,0,18,0,0,0,18,BRONX        ,0.287,
935,MARINERS HARBOR PLAYGROUND,-74.16048682,40.6365725,0,0,0,0,0,0,STATEN ISLAND,0.271,
936,YOUTH VILLAGE,121.5492675,25.0409839,0,0,0,0,0,0,BRONX        ,0.27,
937,BEANSTALK PLAYGROUND,-73.9166667,40.8538889,0,0,0,0,0,0,BRONX        ,0.267,
938,DESALVIO PLAYGROUND,-73.99610958,40.72164055,0,0,0,0,0,0,MANHATTAN    ,0.266,
939,DREAM STREET PARK,-73.9350402,40.80274065,0,0,0,0,0,0,MANHATTAN    ,0.252,
940,SIDNEY HILLMAN PLAYGROUND,-73.9796043,40.7153429,0,0,0,0,0,0,MANHATTAN    ,0.245,
941,SUNSHINE PLAYGROUND,-73.94781163,40.788489,0,0,4,0,0,4,MANHATTAN    ,0.24,
942,RODNEY PARK CENTER,-73.95670545,40.7085402,0,0,12,0,0,12,BROOKLYN     ,0.237,
943,WILLIAM F MOORE PARK,-73.85541817,40.7436137,0,0,0,0,0,0,QUEENS       ,0.23,
944,UMMA PARK,-73.96220099,40.65365105,0,0,0,0,0,0,BROOKLYN     ,0.23,
945,MARY O'CONNOR PLAYGROUND,-73.97073882,40.74956435,0,0,0,0,0,0,MANHATTAN    ,0.229,
946,GENE GRAY PLAYGROUND,-73.8188889,40.6061111,0,0,0,0,0,0,QUEENS       ,0.229,
947,OGDEN PLIMPTON PLAYGROUND,-73.9236111,40.8419444,15,0,0,0,0,15,BRONX        ,0.229,
948,DOWNING STREET PLAYGROUND,-74.00270904,40.7297984,15,0,0,0,0,15,MANHATTAN    ,0.223,
949,PLAYGROUND THIRTY FIVE XXXV,-73.92204281,40.75479215,0,0,0,0,0,0,QUEENS       ,0.218,
950,P.S. 125 PLAYGROUND,-71.4300407,43.7222657,0,0,0,0,0,0,BROOKLYN     ,0.208,
951,TONY DAPOLITO RECREATION CENTER,-74.00543678,40.72962485,0,0,0,0,0,0,MANHATTAN    ,0.208,
952,DAVIDSON PLAYGROUND,-73.9077206,40.85505665,0,0,0,0,0,0,BRONX        ,0.207,
953,ASTORIA HEALTH PLAYGROUND,-73.93269288,40.76794915,0,4,0,0,0,4,QUEENS       ,0.207,
954,MINETTA PLAYGROUND,-74.00130017,40.73070555,0,0,0,0,0,0,MANHATTAN    ,0.206,
955,SUNNERS PLAYGROUND,-73.9297262,40.6322751,0,0,0,0,0,0,BROOKLYN     ,0.197,
956,TUDOR GROVE PLAYGROUND,-73.97111903,40.74899415,0,0,0,0,0,0,MANHATTAN    ,0.192,
957,RODNEY PLAYGROUND CENTER,-73.95556309,40.7102649,0,0,0,0,0,0,BROOKLYN     ,0.189,
958,SEABURY PARK,-93.25422607,44.2857197,0,0,2,0,0,2,BRONX        ,0.186,
959,PENN TRIANGLE,-73.96080792,40.7008047,0,0,0,0,0,0,BROOKLYN     ,0.183,
960,METROPOLITAN RECREATION CENTER,-119.0218139,35.3940574,0,0,8,0,0,8,BROOKLYN     ,0.181,
961,BILL BOJANGLES ROBINSON PLAYGROUND,-73.9373153,40.8252437,0,0,0,0,0,0,MANHATTAN    ,0.172,
962,FIELD OF DREAMS PARK,-73.892279,40.82659025,0,0,0,0,0,0,BRONX        ,0.172,
963,RECREATION CENTER 54,-73.9649651,40.7565227,0,0,0,0,0,0,MANHATTAN    ,0.17,
964,PEARL ST PLAYGROUND,-74.00392575,40.70795575,0,0,0,0,0,0,MANHATTAN    ,0.162,
965,LEWIS PLAYGROUND,-90.24923698,38.65481795,0,0,0,0,0,0,BROOKLYN     ,0.161,
966,NORTH PACIFIC PLAYGROUND,-73.98213874,40.6852855,0,0,0,0,0,0,BROOKLYN     ,0.155,
967,MORRIS MESA,-73.90962146,40.8452051,0,0,0,0,0,0,BRONX        ,0.15,
968,PEACE PARK,-122.3193402,47.6556699,15,12,0,0,0,27,BRONX        ,0.141,
969,DUKE PARK,-78.8914927,36.0114861,0,0,0,0,12,12,BROOKLYN     ,0.137,
970,CAPTAIN JACOB JOSEPH PLAYGROUND,-73.98981603,40.7135651,10,0,0,0,0,10,MANHATTAN    ,0.135,
971,GRAND CANAL COURT,-118.4693175,33.9866055,0,0,0,0,0,0,MANHATTAN    ,0.134,
972,WEST 186TH STREET BASKETBALL COURT,-73.9309383,40.85187645,0,0,0,0,0,0,MANHATTAN    ,0.123,
973,SOPHIE IRENE LOEB,-73.99437788,40.7134485,0,6,0,0,0,6,MANHATTAN    ,0.122,
974,BARRETTO PARK,-73.8886111,40.8130556,0,0,0,0,0,0,BRONX        ,0.12,
975,ABYSSINIAN TOT LOT,-73.94090024,40.8170484,0,0,0,0,0,0,MANHATTAN    ,0.118,
976,ALEXANDER'S ALLEY,-89.2674835,37.3012598,0,0,0,0,0,0,BRONX        ,0.11,
977,MOHEGAN TRIANGLE,-73.88479266,40.84418365,0,0,0,0,0,0,BRONX        ,0.096,
978,PLAYGROUND OF THE AMERICAS,-74.00268749,40.72796045,5,0,0,12,0,17,MANHATTAN    ,0.079,
